method,seed,episode,reward,avg_latency_s,energy_seu,deadline_miss_rate,completed_tasks,total_tasks,rejected_tasks,completion_ratio,decision_ms,offload_msgs_per_step,cloud_msgs_per_step
D-MAPPO-ABC,0,0,42.94937743085318,0.022036727879799666,33018.59868114442,0.0,2995,2994,0,1.0003340013360054,0.0545640778533804,0.0008333333333333334,9.985277777777778
D-MAPPO-ABC,0,1,43.47313675693952,0.02127659574468085,33019.706260597864,0.0,3008,3008,0,1.0,0.11389179951058598,0.0011111111111111111,9.983888888888888
D-MAPPO-ABC,0,2,43.85102816380816,0.02171008684034736,33020.427058441426,0.0,2994,2994,0,1.0,0.11764859532316525,0.0011111111111111111,9.981666666666667
D-MAPPO-ABC,0,3,39.59922166839677,0.027210884353741496,33020.434808315855,0.0,3087,3087,1,1.0,0.11899623780724748,0.0011111111111111111,9.982222222222223
D-MAPPO-ABC,0,4,40.936616130065495,0.021557719054242003,33018.75006546676,0.0,2876,2875,0,1.0003478260869565,0.10593848453168499,0.0008333333333333334,9.983333333333333
D-MAPPO-ABC,0,5,38.46730435299186,0.021269524759056163,33018.077497313454,0.0,3009,3009,1,1.0,0.10580156867864489,0.0011111111111111111,9.984722222222222
D-MAPPO-ABC,0,6,41.407066154571815,0.017229254571026722,33014.84460043201,0.0,2844,2844,0,1.0,0.11749429628252983,0.0011111111111111111,9.986666666666666
D-MAPPO-ABC,0,7,41.905468217410366,0.015120274914089347,33016.55345847316,0.0,2910,2909,0,1.0003437607425232,0.11386463255783179,0.0008333333333333334,9.98638888888889
D-MAPPO-ABC,0,8,33.453699797596336,0.021220159151193633,33019.4175641586,0.0,3016,3017,2,0.9996685449121644,0.10138628686965807,0.0011111111111111111,9.983611111111111
D-MAPPO-ABC,0,9,37.93350479266868,0.021290533901080905,33020.45813575221,0.0,3053,3053,1,1.0,0.11250203253520237,0.0008333333333333334,9.98611111111111
D-MAPPO-ABC,1,0,43.505789258140865,0.03057199211045365,33024.91652429003,0.0,3042,3042,0,1.0,0.11900216603276527,0.0011111111111111111,9.980277777777777
D-MAPPO-ABC,1,1,42.88181138129821,0.020930232558139535,33019.27537180808,0.0,3010,3010,0,1.0,0.10128028622097594,0.0011111111111111111,9.983055555555556
D-MAPPO-ABC,1,2,36.919389799119706,0.025210084033613446,33022.36584330136,0.0,2975,2974,1,1.0003362474781439,0.11866080720372137,0.0008333333333333334,9.984166666666667
D-MAPPO-ABC,1,3,31.8142348482096,0.026449643947100712,33021.14729903443,0.0,2949,2949,2,1.0,0.1199867735801187,0.0008333333333333334,9.985
D-MAPPO-ABC,1,4,33.29604523517456,0.02080581241743725,33018.97267686728,0.0,3028,3027,2,1.0003303600925009,0.11646692682148164,0.0011111111111111111,9.9825
D-MAPPO-ABC,1,5,37.705742255145175,0.02011397921555481,33019.37312913965,0.0,2983,2980,1,1.001006711409396,0.09503078119208415,0.001388888888888889,9.984166666666667
D-MAPPO-ABC,1,6,33.856616487556224,0.020655737704918034,33018.59744058309,0.0,3050,3051,2,0.9996722386102918,0.10064393113296119,0.0011111111111111111,9.984722222222222
D-MAPPO-ABC,1,7,38.52306728290978,0.018682399213372666,33019.859125940566,0.0,3051,3051,1,1.0,0.11827643688270151,0.001388888888888889,9.985
D-MAPPO-ABC,1,8,37.486025827951444,0.02663597500822098,33023.82635657603,0.0,3041,3040,1,1.0003289473684212,0.09170594949197644,0.0011111111111111111,9.980555555555556
D-MAPPO-ABC,1,9,44.44831921738125,0.020621931260229133,33019.388355800955,0.0,3055,3055,0,1.0,0.08031325483979243,0.0011111111111111111,9.985833333333334
D-MAPPO-ABC,2,0,41.79644597386874,0.018823529411764704,33018.792423264014,0.0,2975,2975,0,1.0,0.11331398013539405,0.0011111111111111111,9.984722222222222
D-MAPPO-ABC,2,1,36.62901020619521,0.019350380096751902,33018.18417654129,0.0,2894,2895,1,0.9996545768566494,0.11624254901026788,0.0011111111111111111,9.983888888888888
D-MAPPO-ABC,2,2,33.153546113453515,0.020757825370675453,33017.09278737515,0.0,3035,3036,2,0.9996706192358367,0.10396104398306408,0.0011111111111111111,9.983333333333333
D-MAPPO-ABC,2,3,43.64650425902448,0.025056947608200455,33022.2011199117,0.0,3073,3073,0,1.0,0.11842850533301114,0.0011111111111111111,9.982777777777779
D-MAPPO-ABC,2,4,41.95753132914181,0.022229595222295954,33021.101933536695,0.0,3014,3014,0,1.0,0.1139196134883807,0.0011111111111111111,9.985277777777778
D-MAPPO-ABC,2,5,29.131122282640472,0.019916479280436876,33020.152331192534,0.0,3113,3115,3,0.9993579454253612,0.10240621255232123,0.0011111111111111111,9.984166666666667
D-MAPPO-ABC,2,6,43.5444558395016,0.02903225806451613,33025.80445389849,0.0,3100,3099,0,1.000322684737012,0.11550273071689945,0.0011111111111111111,9.980555555555556
D-MAPPO-ABC,2,7,42.217229475058915,0.022533287811539775,33019.64528545339,0.0,2929,2929,0,1.0,0.10100481784482125,0.0011111111111111111,9.983055555555556
D-MAPPO-ABC,2,8,41.87215726958405,0.02096719648292188,33018.355780944716,0.0,2957,2957,0,1.0,0.11653492103990477,0.0011111111111111111,9.984722222222222
D-MAPPO-ABC,2,9,38.495736441535044,0.02320335159523042,33022.89172026002,0.0,3103,3104,1,0.9996778350515464,0.11382112783677358,0.0011111111111111111,9.979722222222222
D-MAPPO-ABC,3,0,33.4009755535645,0.027266754270696452,33024.176088088556,0.0,3044,3045,2,0.999671592775041,0.11813203999028904,0.0011111111111111111,9.980555555555556
D-MAPPO-ABC,3,1,43.52341073341819,0.021630615640599003,33019.143955125066,0.0,3005,3005,0,1.0,0.11093868387171014,0.001388888888888889,9.983611111111111
D-MAPPO-ABC,3,2,37.759370268540906,0.027081922816519974,33023.180553086066,0.0,2954,2954,1,1.0,0.11443524987973636,0.001388888888888889,9.981666666666667
D-MAPPO-ABC,3,3,38.03791839993701,0.01952204644900707,33017.13111085946,0.0,2971,2972,1,0.9996635262449529,0.10722030935317485,0.0011111111111111111,9.985833333333334
D-MAPPO-ABC,3,4,33.567922106788714,0.023171135385633895,33020.480582069526,0.0,3021,3023,2,0.9993384055573933,0.11682916269799333,0.0011111111111111111,9.986944444444445
D-MAPPO-ABC,3,5,27.29781917342665,0.025477707006369428,33023.315186295375,0.0,2983,2984,3,0.9996648793565683,0.10405479597749137,0.0011111111111111111,9.97888888888889
D-MAPPO-ABC,3,6,42.34538947286051,0.022460610124036204,33020.66106396134,0.0,2983,2983,0,1.0,0.10854964102327357,0.0011111111111111111,9.980833333333333
D-MAPPO-ABC,3,7,34.43298215697475,0.03443794671864847,33028.248133747475,0.0,3078,3078,2,1.0,0.10624071744516389,0.0011111111111111111,9.97888888888889
D-MAPPO-ABC,3,8,32.95828817109174,0.018606224627875506,33017.161309026626,0.0,2956,2957,2,0.9996618194115657,0.10970290165278129,0.0011111111111111111,9.983611111111111
D-MAPPO-ABC,3,9,42.122380149118285,0.02584155049302958,33020.92201581157,0.0,2941,2940,0,1.0003401360544217,0.08710912606491344,0.0011111111111111111,9.982222222222223
D-MAPPO-ABC,4,0,39.03404458999481,0.017218973359324236,33016.658461590785,0.0,3078,3079,1,0.9996752192270217,0.08824012962092337,0.0011111111111111111,9.984166666666667
D-MAPPO-ABC,4,1,38.55921064630582,0.01818181818181818,33017.235814519394,0.0,3025,3026,1,0.9996695307336417,0.056600564295270786,0.0011111111111111111,9.983611111111111
D-MAPPO-ABC,4,2,36.78195901299144,0.019328585961342827,33019.255914442445,0.0,2949,2949,1,1.0,0.049685652484185994,0.0011111111111111111,9.985277777777778
D-MAPPO-ABC,4,3,43.288274878402696,0.017707985299031073,33015.92668734865,0.0,2993,2991,0,1.000668672684721,0.07491792254020561,0.0008333333333333334,9.985
D-MAPPO-ABC,4,4,27.312594760479584,0.02331868874619804,33021.42814459598,0.0,2959,2960,3,0.9996621621621622,0.06979817184199218,0.0008333333333333334,9.982777777777779
D-MAPPO-ABC,4,5,37.89683997658823,0.023386034255599472,33021.68566780927,0.0,3036,3036,1,1.0,0.06447357974765408,0.0011111111111111111,9.981388888888889
D-MAPPO-ABC,4,6,42.32953825056065,0.018848872433524066,33018.8623353594,0.0,2971,2969,0,1.0006736274840013,0.07928206087187088,0.0005555555555555556,9.98638888888889
D-MAPPO-ABC,4,7,32.24572224607536,0.013004791238877482,33014.55779327102,0.0,2922,2922,2,1.0,0.09685877402888664,0.0011111111111111111,9.985555555555555
D-MAPPO-ABC,4,8,41.821707840643484,0.015625,33017.20968373285,0.0,2944,2944,0,1.0,0.0896860524371732,0.0011111111111111111,9.985277777777778
D-MAPPO-ABC,4,9,38.924494394170026,0.022099447513812154,33022.92551641399,0.0,3077,3075,1,1.0006504065040651,0.10858960809612958,0.0011111111111111111,9.981666666666667
D-MAPPO-ABC,5,0,40.101254112952475,0.016123831022250887,33017.27683568413,0.0,3101,3101,1,1.0,0.08886308270383678,0.001388888888888889,9.98638888888889
D-MAPPO-ABC,5,1,37.257797845181635,0.01903807615230461,33019.50447405895,0.0,2994,2995,1,0.9996661101836394,0.10685064654454537,0.0011111111111111111,9.984444444444444
D-MAPPO-ABC,5,2,36.94319664330728,0.02102407595795185,33019.297364764694,0.0,2949,2950,1,0.9996610169491525,0.11345821431152418,0.0011111111111111111,9.985555555555555
D-MAPPO-ABC,5,3,43.61489177111656,0.025049439683586024,33020.05874915009,0.0,3034,3033,0,1.0003297065611605,0.1041238229825265,0.0008333333333333334,9.984444444444444
D-MAPPO-ABC,5,4,43.593632802153955,0.022083058668424523,33018.661217424225,0.0,3034,3034,0,1.0,0.10214705155037035,0.0011111111111111111,9.985
D-MAPPO-ABC,5,5,38.28278400766426,0.022370617696160267,33021.4793533319,0.0,2995,2994,1,1.0003340013360054,0.10411363867913476,0.0008333333333333334,9.983055555555556
D-MAPPO-ABC,5,6,41.573253412488164,0.024154589371980676,33020.33331443087,0.0,2898,2898,0,1.0,0.11080345178682667,0.0011111111111111111,9.982777777777779
D-MAPPO-ABC,5,7,44.454058713581446,0.021639344262295083,33017.751059619965,0.0,3050,3050,0,1.0,0.08949110994904509,0.0011111111111111111,9.983055555555556
D-MAPPO-ABC,5,8,41.54708141019631,0.01825068870523416,33018.31611255723,0.0,2904,2904,0,1.0,0.12432880264532287,0.0011111111111111111,9.983055555555556
D-MAPPO-ABC,5,9,39.043495341313125,0.01727509778357236,33016.98745667953,0.0,3068,3069,1,0.9996741609644836,0.12521906285514384,0.0011111111111111111,9.984444444444444
D-MAPPO-ABC,6,0,34.02645280463635,0.020078999341672153,33017.07156292544,0.0,3038,3039,2,0.9996709443896018,0.12411827098468266,0.0011111111111111111,9.988333333333333
D-MAPPO-ABC,6,1,32.00617886924135,0.016792323509252912,33016.012684056856,0.0,2918,2920,2,0.9993150684931507,0.08575305598787963,0.0011111111111111111,9.98638888888889
D-MAPPO-ABC,6,2,36.318383401053566,0.01928374655647383,33017.338430889475,0.0,2904,2904,1,1.0,0.11221782768390968,0.0008333333333333334,9.98611111111111
D-MAPPO-ABC,6,3,30.946683030577727,0.02364394993045897,33018.51270817594,0.0,2876,2877,2,0.9996524157108099,0.11012408671215074,0.0011111111111111111,9.98611111111111
D-MAPPO-ABC,6,4,36.143592756556394,0.020913210177762286,33017.30634530106,0.0,2869,2869,1,1.0,0.061503792545408935,0.0011111111111111111,9.98611111111111
D-MAPPO-ABC,6,5,28.196392982941855,0.0250576986482031,33022.55219740248,0.0,3033,3035,3,0.9993410214168039,0.08764183973997003,0.0011111111111111111,9.980277777777777
D-MAPPO-ABC,6,6,33.42739219316188,0.014266755142667552,33013.11902516295,0.0,3014,3014,2,1.0,0.11392833907545234,0.0011111111111111111,9.98611111111111
D-MAPPO-ABC,6,7,33.26634314394038,0.01794177386594448,33014.457482351085,0.0,2954,2955,2,0.9996615905245347,0.04895751655082374,0.0011111111111111111,9.98611111111111
D-MAPPO-ABC,6,8,43.28201842894933,0.021907650825749917,33016.994938902986,0.0,2967,2967,0,1.0,0.07099028337365275,0.0011111111111111111,9.981666666666667
D-MAPPO-ABC,6,9,42.85129591471648,0.010967098703888335,33012.960156660854,0.0,3009,3008,0,1.0003324468085106,0.04671931310925478,0.0008333333333333334,9.988055555555556
D-MAPPO-ABC,7,0,37.92556336702712,0.01979544704717915,33019.531216262054,0.0,3031,3030,1,1.0003300330033003,0.05429587897055575,0.0011111111111111111,9.982222222222223
D-MAPPO-ABC,7,1,43.08608127466137,0.021494370522006142,33019.47574512252,0.0,2931,2930,0,1.0003412969283276,0.09557710939973024,0.0011111111111111111,9.984722222222222
D-MAPPO-ABC,7,2,38.39797383545215,0.02435897435897436,33022.83759616011,0.0,3120,3121,1,0.99967958987504,0.07133950490000038,0.0011111111111111111,9.982777777777779
D-MAPPO-ABC,7,3,44.37978518224168,0.014615134784020786,33016.136416430316,0.0,3079,3079,0,1.0,0.11467733284937115,0.001388888888888889,9.984444444444444
D-MAPPO-ABC,7,4,41.638250136061984,0.01961459050240881,33017.62954907885,0.0,2906,2905,0,1.000344234079174,0.08665727194683213,0.0011111111111111111,9.984166666666667
D-MAPPO-ABC,7,5,43.86338011789822,0.014848289218850872,33016.66857259385,0.0,3098,3099,0,0.9996773152629881,0.04723287181049172,0.0011111111111111111,9.984444444444444
D-MAPPO-ABC,7,6,35.3188555432266,0.028531663187195546,33021.56420264749,0.0,2874,2875,1,0.9996521739130435,0.07906623830947662,0.0011111111111111111,9.982222222222223
D-MAPPO-ABC,7,7,44.12575183786947,0.02532061821769155,33021.61269211742,0.0,3041,3041,0,1.0,0.10864009457711493,0.0011111111111111111,9.983333333333333
D-MAPPO-ABC,7,8,33.21551449482722,0.01418918918918919,33015.5051162314,0.0,2960,2960,2,1.0,0.04927361498347535,0.0011111111111111111,9.9875
D-MAPPO-ABC,7,9,28.839019617970038,0.019211983067404754,33017.1657394374,0.0,3071,3072,3,0.9996744791666666,0.08982650134971157,0.0008333333333333334,9.98638888888889
D-MAPPO-ABC,8,0,34.622270450064285,0.019003931847968544,33017.25225008992,0.0,3052,3052,2,1.0,0.11718393321239597,0.0011111111111111111,9.984166666666667
D-MAPPO-ABC,8,1,37.85241223161579,0.02122719734660033,33021.90669411809,0.0,3015,3016,1,0.9996684350132626,0.10500555878550383,0.001388888888888889,9.983888888888888
D-MAPPO-ABC,8,2,37.16529002840469,0.020033955857385398,33018.52765246371,0.0,2945,2946,1,0.9996605566870332,0.11781128377576047,0.0011111111111111111,9.98611111111111
D-MAPPO-ABC,8,3,43.084426535484276,0.02900461437046803,33026.074545256924,0.0,3034,3032,0,1.0006596306068603,0.1197054695189258,0.0011111111111111111,9.984722222222222
D-MAPPO-ABC,8,4,34.12152303911876,0.01745718050065876,33018.55458246814,0.0,3036,3037,2,0.9996707276918011,0.09685761505291643,0.0011111111111111111,9.98611111111111
D-MAPPO-ABC,8,5,33.62715172217883,0.018670160497870947,33017.952408517944,0.0,3053,3053,2,1.0,0.10938348641017608,0.0005555555555555556,9.982777777777779
D-MAPPO-ABC,8,6,37.55718167681304,0.017379679144385027,33017.55086084435,0.0,2992,2993,1,0.9996658870698296,0.1041210934248132,0.0011111111111111111,9.985555555555555
D-MAPPO-ABC,8,7,41.30799576062374,0.025078369905956112,33020.16783101914,0.0,2871,2871,0,1.0,0.12225432473900988,0.0011111111111111111,9.986944444444445
D-MAPPO-ABC,8,8,34.483227837329416,0.014416775884665793,33015.13234933643,0.0,3052,3053,2,0.9996724533245988,0.12220140393118427,0.0011111111111111111,9.985277777777778
D-MAPPO-ABC,8,9,44.05028300022133,0.02098360655737705,33019.28139577574,0.0,3050,3050,0,1.0,0.11179015871312002,0.0011111111111111111,9.983888888888888
D-MAPPO-ABC,9,0,37.221727044642975,0.019335142469470826,33020.028519747204,0.0,2948,2949,1,0.9996609020006781,0.11642525679619414,0.0011111111111111111,9.982777777777779
D-MAPPO-ABC,9,1,42.14355644321008,0.014996591683708248,33016.47612431292,0.0,2934,2934,0,1.0,0.1196379016441319,0.0011111111111111111,9.985833333333334
D-MAPPO-ABC,9,2,41.82919265665405,0.03142953700574518,33025.493447660985,0.0,2959,2960,0,0.9996621621621622,0.11855316273997435,0.001388888888888889,9.978055555555555
D-MAPPO-ABC,9,3,44.222417433050516,0.022646392753154318,33021.79398089429,0.0,3091,3090,0,1.0003236245954692,0.11211223160272413,0.0008333333333333334,9.980833333333333
D-MAPPO-ABC,9,4,38.65454157328456,0.02337063857801185,33020.588966892334,0.0,3038,3038,1,1.0,0.04975931465257115,0.0011111111111111111,9.981111111111112
D-MAPPO-ABC,9,5,38.26753471187892,0.016198347107438015,33015.444450227646,0.0,3025,3025,1,1.0,0.1138040621186115,0.0008333333333333334,9.986666666666666
D-MAPPO-ABC,9,6,38.17234382781955,0.024060646011865524,33022.47178199647,0.0,3034,3035,1,0.999670510708402,0.12219467840138046,0.0011111111111111111,9.983611111111111
D-MAPPO-ABC,9,7,37.35596847350519,0.020073603211776515,33018.892627730165,0.0,2989,2989,1,1.0,0.11899124847776774,0.0011111111111111111,9.983888888888888
D-MAPPO-ABC,9,8,37.45140798189448,0.024260551678298437,33022.10968810393,0.0,3009,3009,1,1.0,0.11869149815659814,0.0011111111111111111,9.983055555555556
D-MAPPO-ABC,9,9,42.98102617100254,0.017142857142857144,33018.24911691094,0.0,2975,2975,0,1.0,0.11877502369558596,0.0011111111111111111,9.983611111111111
Pure MAPPO,0,0,42.89696616455114,0.02270450751252087,33019.30479251161,0.0,2995,2994,0,1.0003340013360054,0.1190236093081896,0.0,9.99638888888889
Pure MAPPO,0,1,43.28934547416364,0.018949468085106384,33017.14418506419,0.0,3008,3008,0,1.0,0.11920844626244312,0.0,9.995555555555555
Pure MAPPO,0,2,43.887451722689896,0.020374081496325986,33019.61187496449,0.0,2994,2994,0,1.0,0.11989483661535714,0.0,9.995555555555555
Pure MAPPO,0,3,44.41024834033881,0.028173575129533678,33020.97172314027,0.0,3088,3087,0,1.0003239390994494,0.11958921255265725,0.0,9.99611111111111
Pure MAPPO,0,4,41.12786751852274,0.02086230876216968,33018.04881453455,0.0,2876,2875,0,1.0003478260869565,0.11745203499837469,0.0,9.995555555555555
Pure MAPPO,0,5,43.47055426272101,0.0212624584717608,33018.119163980125,0.0,3010,3009,0,1.0003323363243604,0.11787964792973879,0.0,9.995833333333334
Pure MAPPO,0,6,41.407066154571815,0.017229254571026722,33014.84460043201,0.0,2844,2844,0,1.0,0.11641765499371105,0.0,9.99638888888889
Pure MAPPO,0,7,42.069471765239875,0.015120274914089347,33016.63939415066,0.0,2910,2909,0,1.0003437607425232,0.11746798549655878,0.0,9.995555555555555
Pure MAPPO,0,8,43.49983295077248,0.02485089463220676,33021.798607574274,0.0,3018,3017,0,1.0003314550878355,0.11701716901896161,0.0,9.995277777777778
Pure MAPPO,0,9,43.35290595121425,0.020301244269810084,33017.33823438501,0.0,3054,3053,0,1.0003275466754011,0.11886912609204754,0.0,9.99638888888889
Pure MAPPO,1,0,43.385246839154135,0.03057199211045365,33025.01199234624,0.0,3042,3042,0,1.0,0.11549366916652717,0.0,9.995555555555555
Pure MAPPO,1,1,42.65521141760646,0.0212624584717608,33019.422687587874,0.0,3010,3010,0,1.0,0.11880019298890451,0.0,9.995833333333334
Pure MAPPO,1,2,42.043477430183806,0.025201612903225805,33022.31028774581,0.0,2976,2974,0,1.0006724949562877,0.12041620958027327,0.0,9.995
Pure MAPPO,1,3,41.640902942792344,0.028126058963063368,33023.26428347426,0.00033886818027787193,2951,2949,0,1.0006781959986437,0.1190581712629258,0.0,9.995555555555555
Pure MAPPO,1,4,43.56670353748231,0.019801980198019802,33018.613154738945,0.0,3030,3027,0,1.0009910802775024,0.11956349367715625,0.0,9.995555555555555
Pure MAPPO,1,5,42.867889966223274,0.02044235924932976,33017.838560404125,0.0,2984,2980,0,1.0013422818791946,0.11670164920926457,0.0,9.99611111111111
Pure MAPPO,1,6,43.96529662608607,0.020642201834862386,33018.59744058309,0.0,3052,3051,0,1.0003277613897084,0.12006493795262133,0.0,9.995555555555555
Pure MAPPO,1,7,44.022247887359725,0.019003931847968544,33018.82466328427,0.0,3052,3051,0,1.0003277613897084,0.11910605757374369,0.0,9.99611111111111
Pure MAPPO,1,8,42.99548328870692,0.021696252465483234,33021.4366920043,0.0,3042,3040,0,1.000657894736842,0.11926729327145343,0.0,9.994722222222222
Pure MAPPO,1,9,44.53304939048175,0.020294599018003272,33019.35691342357,0.0,3055,3055,0,1.0,0.10588282344138457,0.0,9.99611111111111
Pure MAPPO,2,0,42.24872428904745,0.019831932773109243,33018.6307372885,0.0,2975,2975,0,1.0,0.10816487854754087,0.0,9.995833333333334
Pure MAPPO,2,1,41.75517938469231,0.018307426597582038,33017.12303893251,0.0,2895,2895,0,1.0,0.11314684191731633,0.0,9.995555555555555
Pure MAPPO,2,2,43.48429726811133,0.01415870925255186,33013.67198038624,0.0,3037,3036,0,1.0003293807641633,0.11169007296363513,0.0,9.995833333333334
Pure MAPPO,2,3,43.667195446405444,0.02570777741620566,33022.63512714974,0.0,3073,3073,0,1.0,0.13026530252278057,0.0,9.995277777777778
Pure MAPPO,2,4,41.94660757777277,0.021234240212342402,33020.14715120949,0.0,3014,3014,0,1.0,0.13028076246781792,0.0,9.995833333333334
Pure MAPPO,2,5,44.426408170192396,0.023106546854942234,33022.54156478153,0.0,3116,3115,0,1.0003210272873195,0.10681391908049895,0.0,9.995555555555555
Pure MAPPO,2,6,43.93861622325045,0.025806451612903226,33021.75249091933,0.0,3100,3099,0,1.000322684737012,0.08827622937355449,0.0,9.99638888888889
Pure MAPPO,2,7,42.59545044951368,0.014680778422669852,33014.68385606234,0.0,2929,2929,0,1.0,0.1742133126180205,0.0,9.995833333333334
Pure MAPPO,2,8,42.27453731021998,0.021643557659790327,33020.40129472458,0.0,2957,2957,0,1.0,0.1070722011597051,0.0,9.994722222222222
Pure MAPPO,2,9,43.91700058355159,0.019007731958762885,33020.19560491356,0.0,3104,3104,0,1.0,0.15300542535907072,0.0,9.994722222222222
Pure MAPPO,3,0,43.575151592480445,0.015430072225869994,33017.16218574615,0.0,3046,3045,0,1.000328407224959,0.11662822855739957,0.0,9.995555555555555
Pure MAPPO,3,1,43.6017980458198,0.024625623960066557,33020.265329601396,0.0,3005,3005,0,1.0,0.09399635293650337,0.0,9.99611111111111
Pure MAPPO,3,2,42.9084704503215,0.02707275803722504,33022.89147217596,0.0,2955,2954,0,1.0003385240352065,0.12564760685038184,0.0,9.99611111111111
Pure MAPPO,3,3,43.020492443230154,0.020188425302826378,33017.612248964,0.0,2972,2972,0,1.0,0.12685077937041772,0.0,9.995555555555555
Pure MAPPO,3,4,43.65043848180654,0.023155805491233875,33019.7559206775,0.0,3023,3023,0,1.0,0.10514809385575873,0.0,9.995833333333334
Pure MAPPO,3,5,42.516703452974674,0.021433355659745478,33018.55474901118,0.0,2986,2984,0,1.0006702412868633,0.10789868874255465,0.0,9.995555555555555
Pure MAPPO,3,6,42.55313172477253,0.014750251424740195,33014.4339476674,0.0,2983,2983,0,1.0,0.11319263743320739,0.0,9.995833333333334
Pure MAPPO,3,7,44.539387384393294,0.01981162715167262,33020.461845283004,0.0,3079,3078,0,1.0003248862897987,0.06825868495474827,0.0,9.995277777777778
Pure MAPPO,3,8,43.213985970230695,0.016903313049357674,33015.51227201263,0.0,2958,2957,0,1.0003381805884342,0.12011460267563556,0.0,9.995833333333334
Pure MAPPO,3,9,42.061527519760574,0.027201632097925876,33021.05874112912,0.0,2941,2940,0,1.0003401360544217,0.11808576527012822,0.0,9.995833333333334
Pure MAPPO,4,0,44.21720022632762,0.016563819421890225,33016.53802848497,0.0,3079,3079,0,1.0,0.10519564382815992,0.0,9.99611111111111
Pure MAPPO,4,1,43.77152047053968,0.017184401850627893,33016.47670945995,0.0,3026,3026,0,1.0,0.11945778109172049,0.0,9.99638888888889
Pure MAPPO,4,2,42.23817549535192,0.014915254237288136,33017.44068416752,0.0,2950,2949,0,1.0003390979993219,0.11384595409456072,0.0,9.995555555555555
Pure MAPPO,4,3,43.36386088144747,0.01670564650851988,33014.91663812236,0.0,2993,2991,0,1.000668672684721,0.1198294704129997,0.0,9.995833333333334
Pure MAPPO,4,4,42.4891226328211,0.02228224172856178,33020.97178958795,0.0,2962,2960,0,1.0006756756756756,0.11924350499854577,0.0,9.995
Pure MAPPO,4,5,43.1690694960414,0.02206124464932499,33019.827105901575,0.0,3037,3036,0,1.0003293807641633,0.12087815008837627,0.0,9.995277777777778
Pure MAPPO,4,6,42.292564334108235,0.018512285425782565,33018.68308231186,0.0,2971,2969,0,1.0006736274840013,0.12035568496988465,0.0,9.995
Pure MAPPO,4,7,42.4151741329545,0.011627906976744186,33014.01663227069,0.0,2924,2922,0,1.000684462696783,0.11791644658822202,0.0,9.99611111111111
Pure MAPPO,4,8,41.81499946522241,0.015285326086956522,33015.818582399676,0.0,2944,2944,0,1.0,0.11911187687332535,0.0,9.995277777777778
Pure MAPPO,4,9,43.909171216834615,0.021442495126705652,33022.1068462587,0.0003248862897985705,3078,3075,0,1.0009756097560976,0.11827639531273032,0.0,9.993333333333334
Pure MAPPO,5,0,44.08603315745823,0.022243713733075435,33022.54693848401,0.0,3102,3101,0,1.000322476620445,0.11991868619386675,0.0,9.994166666666667
Pure MAPPO,5,1,42.28547939275843,0.020701168614357262,33020.72556150288,0.0,2995,2995,0,1.0,0.12003131427627521,0.0,9.995277777777778
Pure MAPPO,5,2,41.96770275748897,0.021016949152542375,33019.059683529325,0.0,2950,2950,0,1.0,0.11817250243135882,0.0,9.995555555555555
Pure MAPPO,5,3,43.72146610733613,0.02241265655899802,33019.35231676935,0.0,3034,3033,0,1.0003297065611605,0.11257924031977179,0.0,9.995277777777778
Pure MAPPO,5,4,43.56369344449029,0.022083058668424523,33018.675106313116,0.0,3034,3034,0,1.0,0.11921308178150665,0.0,9.995833333333334
Pure MAPPO,5,5,43.754388618651916,0.022696929238985315,33018.62500446388,0.0,2996,2994,0,1.0006680026720107,0.11190215260204342,0.0,9.99611111111111
Pure MAPPO,5,6,41.52840901028192,0.027950310559006212,33021.59831329036,0.0,2898,2898,0,1.0,0.0882360756254962,0.0,9.995833333333334
Pure MAPPO,5,7,44.49542007315904,0.022295081967213116,33018.18966862068,0.0,3050,3050,0,1.0,0.11607086519264462,0.0,9.995833333333334
Pure MAPPO,5,8,41.52767711811698,0.01756198347107438,33017.54756408459,0.0,2904,2904,0,1.0,0.10919344392863828,0.0,9.995555555555555
Pure MAPPO,5,9,43.77719340626303,0.01596611274030629,33017.73974172587,0.0,3069,3069,0,1.0,0.11884484397887717,0.0,9.995833333333334
Pure MAPPO,6,0,44.01803111564195,0.02006578947368421,33017.15489625878,0.0,3040,3039,0,1.000329055610398,0.10783049739418656,0.0,9.99611111111111
Pure MAPPO,6,1,42.12749357161362,0.01643835616438356,33015.985458955656,0.0,2920,2920,0,1.0,0.08911028813033933,0.0,9.995833333333334
Pure MAPPO,6,2,41.323331577146334,0.01927710843373494,33017.517756315676,0.0,2905,2904,0,1.0003443526170799,0.10566646240962048,0.0,9.995555555555555
Pure MAPPO,6,3,41.02169080239395,0.017373175816539264,33015.338337329864,0.0,2878,2877,0,1.0003475842891902,0.11703788172194941,0.0,9.995555555555555
Pure MAPPO,6,4,41.50856701001883,0.020905923344947737,33018.149991850776,0.0,2870,2869,0,1.0003485535029628,0.10632579127236062,0.0,9.995277777777778
Pure MAPPO,6,5,43.392688395707054,0.017127799736495388,33019.123158515635,0.0,3036,3035,0,1.000329489291598,0.11194989329022872,0.0,9.995555555555555
Pure MAPPO,6,6,43.458086550255594,0.01293103448275862,33012.50019507668,0.0,3016,3014,0,1.0006635700066357,0.10988092494759864,0.0,9.995555555555555
Pure MAPPO,6,7,43.21301865031569,0.01725304465493911,33015.069626788834,0.0,2956,2955,0,1.0003384094754653,0.10315673034347127,0.0,9.995277777777778
Pure MAPPO,6,8,43.28201842894933,0.021907650825749917,33016.994938902986,0.0,2967,2967,0,1.0,0.046039172152328924,0.0,9.99638888888889
Pure MAPPO,6,9,42.53093997333992,0.01661681621801263,33015.743672143784,0.0,3009,3008,0,1.0003324468085106,0.04422369061891611,0.0,9.99638888888889
Pure MAPPO,7,0,43.38006405136166,0.020118733509234828,33018.95023172446,0.0,3032,3030,0,1.0006600660066007,0.047316707188858546,0.0,9.995833333333334
Pure MAPPO,7,1,43.1936886179944,0.021153190037529853,33018.92237115674,0.0,2931,2930,0,1.0003412969283276,0.044267310211176254,0.0,9.995277777777778
Pure MAPPO,7,2,43.64533788267612,0.019545017622556872,33020.16438566905,0.0,3121,3121,0,1.0,0.04429416290076915,0.0,9.994444444444444
Pure MAPPO,7,3,44.393420796942806,0.013965573238064306,33015.34500443944,0.0,3079,3079,0,1.0,0.04420280306981618,0.0,9.995277777777778
Pure MAPPO,7,4,41.70758726977468,0.025808671713695802,33020.438490101784,0.0,2906,2905,0,1.000344234079174,0.044195381211466156,0.0,9.995277777777778
Pure MAPPO,7,5,43.986041817564164,0.014848289218850872,33016.68246148274,0.0,3098,3099,0,0.9996773152629881,0.044357440814362936,0.0,9.995277777777778
Pure MAPPO,7,6,40.64699691799206,0.024695652173913042,33019.3406067423,0.0,2875,2875,0,1.0,0.04431125342832981,0.0,9.995277777777778
Pure MAPPO,7,7,44.27237968489027,0.02367642222952976,33020.44454179561,0.0,3041,3041,0,1.0,0.04435103388742492,0.0,9.995833333333334
Pure MAPPO,7,8,43.30017604951731,0.013841998649561107,33015.02089320961,0.0,2962,2960,0,1.0006756756756756,0.044685405908644,0.0,9.995833333333334
Pure MAPPO,7,9,44.12682802978222,0.019193233571893297,33017.41443796224,0.0,3074,3072,0,1.0006510416666667,0.04432049985270067,0.0,9.99638888888889
Pure MAPPO,8,0,45.03284925486122,0.021283562540929928,33020.21878022123,0.0,3054,3052,0,1.0006553079947575,0.04426987115908154,0.0,9.995555555555555
Pure MAPPO,8,1,42.801463927380816,0.011936339522546418,33014.226076914245,0.0,3016,3016,0,1.0,0.04443997409382265,0.0,9.99638888888889
Pure MAPPO,8,2,41.98793276766535,0.025118805159538356,33022.43158661899,0.0,2946,2946,0,1.0,0.044100346611230634,0.0,9.995277777777778
Pure MAPPO,8,3,43.04424920874372,0.026697429136453527,33024.64718418203,0.0,3034,3032,0,1.0006596306068603,0.06882552481612139,0.0,9.995
Pure MAPPO,8,4,44.11079400141477,0.016787360105332456,33016.58667966988,0.0,3038,3037,0,1.000329272308199,0.09347294769314532,0.0,9.995
Pure MAPPO,8,5,43.688955146847384,0.014402618657937807,33015.15424875429,0.0,3055,3053,0,1.0006550933508025,0.0469943084980413,0.0,9.995833333333334
Pure MAPPO,8,6,42.65349391283537,0.016371533578349484,33016.84827146031,0.0,2993,2993,0,1.0,0.04471471640701768,0.0,9.995277777777778
Pure MAPPO,8,7,41.30799576062374,0.025078369905956112,33020.16783101914,0.0,2871,2871,0,1.0,0.04518033042162036,0.0,9.995277777777778
Pure MAPPO,8,8,44.40861274838374,0.019318925998690242,33017.52527197708,0.0,3054,3053,0,1.0003275466754011,0.047240969471103095,0.0,9.995555555555555
Pure MAPPO,8,9,44.17568241039561,0.019672131147540985,33018.30242717788,0.0,3050,3050,0,1.0,0.04519588186101625,0.0,9.995833333333334
Pure MAPPO,9,0,42.46619489423582,0.014920311970159377,33015.80841117378,0.0,2949,2949,0,1.0,0.04518313749253543,0.0,9.99638888888889
Pure MAPPO,9,1,42.11956586788454,0.016359918200409,33017.105820789766,0.0,2934,2934,0,1.0,0.045144736424036734,0.0,9.995555555555555
Pure MAPPO,9,2,41.8153542832664,0.03142953700574518,33025.99901092872,0.0,2959,2960,0,0.9996621621621622,0.04426516301302601,0.0,9.995277777777778
Pure MAPPO,9,3,43.62167722488728,0.03396958912973148,33028.36770268264,0.0,3091,3090,0,1.0003236245954692,0.04426042743337651,0.0,9.995277777777778
Pure MAPPO,9,4,43.631753240348914,0.01941428101349128,33018.51818249851,0.0,3039,3038,0,1.000329163923634,0.04424888913409732,0.0,9.99388888888889
Pure MAPPO,9,5,43.283637397203464,0.016192994051553205,33015.5000057832,0.0,3026,3025,0,1.0003305785123966,0.044208842397589855,0.0,9.99611111111111
Pure MAPPO,9,6,43.24285856860696,0.022075782537067545,33020.47058551947,0.0,3035,3035,0,1.0,0.04601611215103831,0.0,9.995555555555555
Pure MAPPO,9,7,42.434036575127365,0.02073578595317726,33018.42600457228,0.0,2990,2989,0,1.0003345600535296,0.04600310510755259,0.0,9.995277777777778
Pure MAPPO,9,8,42.47323840282655,0.01727574750830565,33018.110035658414,0.0,3010,3009,0,1.0003323363243604,0.04433583380563909,0.0,9.995555555555555
Pure MAPPO,9,9,42.90219569093934,0.022857142857142857,33019.419829474864,0.0,2975,2975,0,1.0,0.04658313884768481,0.0,9.99611111111111
Round-Robin,0,0,-1291.7371120800246,0.4540901502504174,33422.15413265353,0.0,2995,2994,0,1.0003340013360054,0.0002673827305746575,9.0,1.0
Round-Robin,0,1,-1297.662968340169,0.4562687063518457,33416.75248547739,0.0009976720984369804,3007,3008,0,0.9996675531914894,0.0002583943698684582,9.0,1.0
Round-Robin,0,2,-1299.4232828182778,0.490975935828877,33442.491146276705,0.0,2992,2994,0,0.9993319973279893,0.00027108182580882893,9.0,1.0
Round-Robin,0,3,-1317.2750089338617,0.4630589760207388,33439.50873035196,0.0,3086,3087,0,0.9996760609005507,0.00027281629283809,9.0,1.0
Round-Robin,0,4,-1216.4901889366552,0.4702608695652174,33410.761698105984,0.0010434782608695651,2875,2875,0,1.0,0.00025876928702928126,9.0,1.0
Round-Robin,0,5,-1302.6610859317484,0.46677740863787376,33435.13003116412,0.0,3010,3009,0,1.0003323363243604,0.00025940469155708945,9.0,1.0
Round-Robin,0,6,-1227.2932761216655,0.4353023909985935,33385.88538415125,0.0,2844,2844,0,1.0,0.00026093135885376897,9.0,1.0
Round-Robin,0,7,-1254.4475169161403,0.4577319587628866,33417.23694822557,0.0003436426116838488,2910,2909,0,1.0003437607425232,0.00025991629000701424,9.0,1.0
Round-Robin,0,8,-1301.95457339845,0.461895294897283,33427.507069608255,0.0006626905235255136,3018,3017,0,1.0003314550878355,0.0002599520198095383,9.0,1.0
Round-Robin,0,9,-1316.825949616774,0.4492468893254748,33431.9027955438,0.0003274394237066143,3054,3053,0,1.0003275466754011,0.0002599004753089199,9.0,1.0
Round-Robin,1,0,-1301.8221637238398,0.48750821827744906,33450.063845049044,0.0003287310979618672,3042,3042,0,1.0,0.0002637088683614921,9.0,1.0
Round-Robin,1,1,-1291.4680752679235,0.45514950166112955,33422.09960838539,0.0,3010,3010,0,1.0,0.0002614495477044127,9.0,1.0
Round-Robin,1,2,-1280.228575407098,0.4368279569892473,33406.87885449475,0.0003360215053763441,2976,2974,0,1.0006724949562877,0.00026100489776581526,9.0,1.0
Round-Robin,1,3,-1271.3242430764883,0.42663503896984073,33403.01444775186,0.00033886818027787193,2951,2949,0,1.0006781959986437,0.00026120497204829013,9.0,1.0
Round-Robin,1,4,-1305.5378792620768,0.46664464993394983,33433.00197953533,0.0006605019815059445,3028,3027,0,1.0003303600925009,0.00026284789297884953,9.0,1.0
Round-Robin,1,5,-1303.445657415774,0.4669795507877975,33426.99972460371,0.00033523298692591353,2983,2980,0,1.001006711409396,0.0002597703585504657,9.0,1.0
Round-Robin,1,6,-1320.6587513480931,0.4796854521625164,33450.21430534974,0.000655307994757536,3052,3051,0,1.0003277613897084,0.00026104098166494316,9.0,1.0
Round-Robin,1,7,-1316.2205925913693,0.4750982961992136,33441.91052925025,0.000327653997378768,3052,3051,0,1.0003277613897084,0.0002605798912958966,9.0,1.0
Round-Robin,1,8,-1293.466111472779,0.4437869822485207,33421.71462324621,0.0003287310979618672,3042,3040,0,1.000657894736842,0.0002622809794653828,9.0,1.0
Round-Robin,1,9,-1318.8232745521577,0.46612111292962355,33434.00347712269,0.0006546644844517185,3055,3055,0,1.0,0.00026215610786392866,9.0,1.0
Round-Robin,2,0,-1278.4284754255,0.44134453781512606,33405.97186200687,0.0,2975,2975,0,1.0,0.0002625801506736833,9.0,1.0
Round-Robin,2,1,-1245.7861893782817,0.43626943005181346,33403.467404456824,0.000690846286701209,2895,2895,0,1.0,0.00026153660857946507,9.0,1.0
Round-Robin,2,2,-1298.0024281691606,0.44122489298649986,33426.11983825438,0.0006585446163977609,3037,3036,0,1.0003293807641633,0.00026238472006904584,9.0,1.0
Round-Robin,2,3,-1330.6346319206598,0.44321509925154573,33423.950575827796,0.0006508298080052066,3073,3073,0,1.0,0.0002625380067103025,9.0,1.0
Round-Robin,2,4,-1295.8343821882715,0.4296615792966158,33406.074684208004,0.00033178500331785003,3014,3014,0,1.0,0.0002629835976727514,9.0,1.0
Round-Robin,2,5,-1338.036397165732,0.43870346598202825,33426.22755437316,0.0,3116,3115,0,1.0003210272873195,0.000260977347756529,9.0,1.0
Round-Robin,2,6,-1333.4359683512112,0.4529032258064516,33436.31299073398,0.0003225806451612903,3100,3099,0,1.000322684737012,0.0002622601977135572,9.0,1.0
Round-Robin,2,7,-1270.3331963784667,0.46500512120177534,33415.38313520334,0.0013656538067599864,2929,2929,0,1.0,0.0002623901172127161,9.0,1.0
Round-Robin,2,8,-1289.4683373416124,0.4465493910690122,33408.50478909613,0.0010148849797023004,2956,2957,0,0.9996618194115657,0.0002608402767994752,9.0,1.0
Round-Robin,2,9,-1321.1406628915208,0.44362113402061853,33431.978175293756,0.0006443298969072165,3104,3104,0,1.0,0.00026216416315744736,9.0,1.0
Round-Robin,3,0,-1324.8171752956787,0.44911359159553516,33435.57246065124,0.00032829940906106366,3046,3045,0,1.000328407224959,0.00026524217618215416,9.0,1.0
Round-Robin,3,1,-1290.5575510460978,0.5014975041597338,33448.82753371491,0.0,3005,3005,0,1.0,0.0002652563869358144,9.0,1.0
Round-Robin,3,2,-1276.3684158630049,0.48104265402843605,33426.04592593821,0.00033852403520649965,2954,2954,0,1.0,0.000263450738404774,9.0,1.0
Round-Robin,3,3,-1269.923870858031,0.4518842530282638,33414.05338524035,0.00033647375504710633,2972,2972,0,1.0,0.00026397990910077677,9.0,1.0
Round-Robin,3,4,-1304.850874857306,0.4740324181276877,33438.06187894998,0.0,3023,3023,0,1.0,0.0002626699052699324,9.0,1.0
Round-Robin,3,5,-1289.005986939596,0.4680067001675042,33435.818276422826,0.001340033500837521,2985,2984,0,1.0003351206434317,0.0002641110461101764,9.0,1.0
Round-Robin,3,6,-1283.0639778763227,0.4394904458598726,33403.76926606475,0.0006704659738518271,2983,2983,0,1.0,0.0002636009820788685,9.0,1.0
Round-Robin,3,7,-1324.2824141788765,0.49788755281117975,33457.80031147017,0.0006499837504062399,3077,3078,0,0.9996751137102015,0.0002637187685144858,9.0,1.0
Round-Robin,3,8,-1279.6234082152248,0.4553752535496957,33417.899122617164,0.0003380662609871535,2958,2957,0,1.0003381805884342,0.00026366615363965847,9.0,1.0
Round-Robin,3,9,-1265.9875570406725,0.4733083985039102,33428.534675878094,0.00034002040122407346,2941,2940,0,1.0003401360544217,0.0002637282240256253,9.0,1.0
Round-Robin,4,0,-1336.0756412620574,0.47417992854822993,33446.824655387136,0.000974342318934719,3079,3079,0,1.0,0.00027038692011653137,9.0,1.0
Round-Robin,4,1,-1294.0055243251027,0.44264462809917354,33411.79222239606,0.0006611570247933885,3025,3026,0,0.9996695307336417,0.00026898842608918337,9.0,1.0
Round-Robin,4,2,-1271.776423413773,0.43947100712105797,33409.64934488756,0.00033909799932180403,2949,2949,0,1.0,0.00026897055472040345,9.0,1.0
Round-Robin,4,3,-1298.4855417466697,0.4604076177748079,33421.41828571062,0.0013364517206815904,2993,2991,0,1.000668672684721,0.00026967153017823066,9.0,1.0
Round-Robin,4,4,-1290.8591586142938,0.4453072248480756,33414.06173744547,0.00033760972316002703,2962,2960,0,1.0006756756756756,0.0002696190252512073,9.0,1.0
Round-Robin,4,5,-1318.0637630703807,0.4570299637800461,33432.932145359344,0.00032927230819888045,3037,3036,0,1.0003293807641633,0.0002687110164616671,9.0,1.0
Round-Robin,4,6,-1279.4248777618257,0.44395826321104004,33417.932446680985,0.0003365870077415012,2971,2969,0,1.0006736274840013,0.0002713965481638701,9.0,1.0
Round-Robin,4,7,-1275.5959540391907,0.4640902872777018,33422.143071258106,0.0,2924,2922,0,1.000684462696783,0.00026890017842460016,9.0,1.0
Round-Robin,4,8,-1265.3092666473165,0.4249320652173913,33396.56437580048,0.0010190217391304348,2944,2944,0,1.0,0.0002690384862944484,9.0,1.0
Round-Robin,4,9,-1319.9244132480185,0.4525666016894087,33438.70489356991,0.000649772579597141,3078,3075,0,1.0009756097560976,0.0002693583535599626,9.0,1.0
Round-Robin,5,0,-1333.89279768608,0.46565623992260563,33441.69170339116,0.0006449532408900354,3101,3101,0,1.0,0.00026547085952996794,9.0,1.0
Round-Robin,5,1,-1285.3384400206987,0.4355377421509686,33410.219953707674,0.00033400133600534405,2994,2995,0,0.9996661101836394,0.00026347553486832313,9.0,1.0
Round-Robin,5,2,-1279.7066628503503,0.4569491525423729,33419.657196951375,0.00033898305084745765,2950,2950,0,1.0,0.00026368430311170715,9.0,1.0
Round-Robin,5,3,-1315.2945142191488,0.4515491100856954,33422.36124939494,0.0006591957811470006,3034,3033,0,1.0003297065611605,0.0002621110551343817,9.0,1.0
Round-Robin,5,4,-1294.3375309414669,0.46011865524060647,33429.849840397714,0.0,3034,3034,0,1.0,0.000264951854155192,9.0,1.0
Round-Robin,5,5,-1297.3846568672323,0.4786381842456609,33439.32624990912,0.0006675567423230974,2996,2994,0,1.0006680026720107,0.00026375498176397133,9.0,1.0
Round-Robin,5,6,-1255.996723810961,0.4527260179434092,33402.41959356968,0.0003450655624568668,2898,2898,0,1.0,0.0002642445971206244,9.0,1.0
Round-Robin,5,7,-1324.7616659312155,0.49836065573770494,33459.35677381967,0.0006557377049180328,3050,3050,0,1.0,0.0002648684199407904,9.0,1.0
Round-Robin,5,8,-1248.3394470384828,0.4485015501205649,33405.652208684376,0.0020668274199104374,2903,2904,0,0.9996556473829201,0.0002724110963754356,9.0,1.0
Round-Robin,5,9,-1328.307145272387,0.44509612251547737,33425.88857114487,0.0009775171065493646,3069,3069,0,1.0,0.0002709596172078616,9.0,1.0
Round-Robin,6,0,-1314.6281302750215,0.4715366897005594,33436.597465699575,0.0003290556103981573,3039,3039,0,1.0,0.000265478489584186,9.0,1.0
Round-Robin,6,1,-1255.0258789107938,0.4558219178082192,33414.31210332243,0.0,2920,2920,0,1.0,0.0002637786173080611,9.0,1.0
Round-Robin,6,2,-1233.6506804937724,0.4475043029259897,33395.33778804071,0.001376936316695353,2905,2904,0,1.0003443526170799,0.00026470180374518456,9.0,1.0
Round-Robin,6,3,-1248.2129142361177,0.4339819318971508,33400.197184115415,0.00034746351633078526,2878,2877,0,1.0003475842891902,0.0002670209909815134,9.0,1.0
Round-Robin,6,4,-1244.885410487766,0.4449477351916376,33404.12375243168,0.0003484320557491289,2870,2869,0,1.0003485535029628,0.0002648659153944916,9.0,1.0
Round-Robin,6,5,-1320.9884013951576,0.45238879736408566,33434.98678534943,0.00032948929159802305,3035,3035,0,1.0,0.0002639153422529085,9.0,1.0
Round-Robin,6,6,-1301.5658852855433,0.4423076923076923,33415.57293350462,0.0003315649867374005,3016,3014,0,1.0006635700066357,0.0002643343695025477,9.0,1.0
Round-Robin,6,7,-1281.8554075671723,0.45906630581867386,33420.010735241805,0.00033829499323410016,2956,2955,0,1.0003384094754653,0.0002641477411897439,9.0,1.0
Round-Robin,6,8,-1291.9768479291358,0.47556454330974046,33425.459754484924,0.0006740815638692282,2967,2967,0,1.0,0.0002652626458762421,9.0,1.0
Round-Robin,6,9,-1302.913180457063,0.423728813559322,33415.2457563526,0.0,3009,3008,0,1.0003324468085106,0.00026344302265594405,9.0,1.0
Round-Robin,7,0,-1303.666093037454,0.45232596502804356,33434.123015840705,0.0006598482349059716,3031,3030,0,1.0003300330033003,0.00026511906536244275,9.0,1.0
Round-Robin,7,1,-1271.9078418129395,0.4779788323659952,33430.66214808933,0.0,2929,2930,0,0.9996587030716724,0.0002630520806026955,9.0,1.0
Round-Robin,7,2,-1352.3171373567109,0.4194168535725729,33418.071978044456,0.0003204101249599487,3121,3121,0,1.0,0.00026407569950808666,9.0,1.0
Round-Robin,7,3,-1331.1022113123154,0.44137707047742775,33421.28885933632,0.0012991230919129587,3079,3079,0,1.0,0.0002631074668089341,9.0,1.0
Round-Robin,7,4,-1271.877945754972,0.4506024096385542,33411.766237229735,0.00034423407917383823,2905,2905,0,1.0,0.00026485335547477007,9.0,1.0
Round-Robin,7,5,-1325.4678913682021,0.4407491120439135,33426.93684668007,0.0,3097,3099,0,0.9993546305259762,0.0002627238637715992,9.0,1.0
Round-Robin,7,6,-1239.3954196967254,0.4549565217391304,33399.059040129585,0.00034782608695652176,2875,2875,0,1.0,0.0002646022912813351,9.0,1.0
Round-Robin,7,7,-1326.7769743839654,0.4781321933574482,33443.95012952374,0.0009865175928970734,3041,3041,0,1.0,0.0002612412418885571,9.0,1.0
Round-Robin,7,8,-1279.551887615955,0.4679270762997974,33428.70976812325,0.0,2962,2960,0,1.0006756756756756,0.00026452249181198166,9.0,1.0
Round-Robin,7,9,-1326.5804004217362,0.4417317708333333,33427.992290027665,0.0003255208333333333,3072,3072,0,1.0,0.0002627362377501817,9.0,1.0
Round-Robin,8,0,-1302.6157727928178,0.4908316961362148,33447.85056485483,0.0006548788474132286,3054,3052,0,1.0006553079947575,0.0002703209821548727,9.0,1.0
Round-Robin,8,1,-1291.0209935180837,0.4255389718076285,33411.60838929448,0.0003316749585406302,3015,3016,0,0.9996684350132626,0.00026670981606002897,9.0,1.0
Round-Robin,8,2,-1274.2579907182417,0.45994568906992533,33415.54167925456,0.0006788866259334691,2946,2946,0,1.0,0.0002672353212902737,9.0,1.0
Round-Robin,8,3,-1313.3576359175056,0.464403427818062,33440.8573494023,0.0003295978905735003,3034,3032,0,1.0006596306068603,0.0002666789918698163,9.0,1.0
Round-Robin,8,4,-1295.8884779273837,0.4636154099440237,33437.399489837946,0.00032927230819888045,3037,3037,0,1.0,0.0002684300545499557,9.0,1.0
Round-Robin,8,5,-1329.355701123281,0.46219312602291324,33428.621424128425,0.0,3055,3053,0,1.0006550933508025,0.0002665468798820964,9.0,1.0
Round-Robin,8,6,-1290.2438083821692,0.4425133689839572,33415.95024553585,0.0,2992,2993,0,0.9996658870698296,0.00027901811376472737,9.0,1.0
Round-Robin,8,7,-1226.3102072674867,0.46394984326018807,33405.66199509772,0.0,2871,2871,0,1.0,0.0002764310160677673,9.0,1.0
Round-Robin,8,8,-1331.556267667321,0.49230265312807076,33451.74797646666,0.00032754667540124465,3053,3053,0,1.0,0.00026923279316785437,9.0,1.0
Round-Robin,8,9,-1296.5324263412251,0.45967213114754096,33430.42672341747,0.0006557377049180328,3050,3050,0,1.0,0.00026532840598115907,9.0,1.0
Round-Robin,9,0,-1290.5979683683058,0.46302578018995927,33414.22502310013,0.0010176390773405698,2948,2949,0,0.9996609020006781,0.00026276879361830657,9.0,1.0
Round-Robin,9,1,-1265.1285406762915,0.44171779141104295,33403.536357318175,0.0,2934,2934,0,1.0,0.0002626196736754435,9.0,1.0
Round-Robin,9,2,-1261.7850089479293,0.4553752535496957,33417.992289816364,0.0,2958,2960,0,0.9993243243243243,0.0002619034284079033,9.0,1.0
Round-Robin,9,3,-1324.2130942680126,0.4348107408605629,33426.171870967184,0.0009705596894208993,3091,3090,0,1.0003236245954692,0.00026293122532984446,9.0,1.0
Round-Robin,9,4,-1321.8088667562736,0.4698914116485686,33436.77150640802,0.0006581112207963146,3039,3038,0,1.000329163923634,0.0002627260465588835,9.0,1.0
Round-Robin,9,5,-1296.6064164422996,0.4401850627891606,33420.124775164244,0.00033046926635822867,3026,3025,0,1.0003305785123966,0.0002614932745927945,9.0,1.0
Round-Robin,9,6,-1300.847237151903,0.4352553542009885,33411.00211509958,0.0009884678747940692,3035,3035,0,1.0,0.0002642449738535409,9.0,1.0
Round-Robin,9,7,-1297.2316350558015,0.44414715719063547,33418.735032103374,0.0,2990,2989,0,1.0003345600535296,0.00026164929861099355,9.0,1.0
Round-Robin,9,8,-1280.497949635323,0.44518272425249167,33417.83735976674,0.000664451827242525,3010,3009,0,1.0003323363243604,0.0002610629776932506,9.0,1.0
Round-Robin,9,9,-1280.836337018018,0.46655462184873947,33426.04058077577,0.0003361344537815126,2975,2975,0,1.0,0.00026668344475587626,9.0,1.0
Greedy,0,0,29.407708151474264,0.5048414023372287,33456.28446045314,0.000667779632721202,2995,2994,0,1.0003340013360054,0.0010750978981377557,0.0022222222222222222,0.0
Greedy,0,1,31.05325368988998,0.499001996007984,33451.61380357941,0.0006653359946773121,3006,3008,0,0.9993351063829787,0.0010754776675538677,0.0019444444444444444,0.0
Greedy,0,2,30.72136850531186,0.5391042780748663,33475.11836691328,0.001002673796791444,2992,2994,0,0.9993319973279893,0.0010719940425284828,0.0033333333333333335,0.0
Greedy,0,3,31.224561656597476,0.5158781594296824,33483.41710978644,0.0006480881399870382,3086,3087,0,0.9996760609005507,0.0010759015373575191,0.0025,0.0
Greedy,0,4,28.995671679102003,0.5224347826086957,33446.99047990056,0.0,2875,2875,0,1.0,0.0010730449559762038,0.0008333333333333334,0.0
Greedy,0,5,30.28045768613458,0.5196013289036545,33467.52203753154,0.0003322259136212625,3010,3009,0,1.0003323363243604,0.0010748094824116884,0.001388888888888889,0.0
Greedy,0,6,28.668153670131723,0.4919127988748242,33426.568145668265,0.00035161744022503517,2844,2844,0,1.0,0.0010773306647833024,0.0016666666666666668,0.0
Greedy,0,7,29.53562906813465,0.5061855670103093,33454.21996215425,0.0,2910,2909,0,1.0003437607425232,0.0010732427262054342,0.0016666666666666668,0.0
Greedy,0,8,31.009811306784254,0.501325381047051,33455.99327231143,0.0009940357852882703,3018,3017,0,1.0003314550878355,0.0010762841282283058,0.002777777777777778,0.0
Greedy,0,9,30.601060665922475,0.49836280288146695,33468.878944308264,0.0013097576948264572,3054,3053,0,1.0003275466754011,0.0010723513098330132,0.001388888888888889,0.0
Greedy,1,0,30.428307611326666,0.5289283366206443,33486.439928839,0.0009861932938856016,3042,3042,0,1.0,0.0010716273180959332,0.002777777777777778,0.0
Greedy,1,1,30.0683293667686,0.5109634551495017,33459.92288248299,0.0003322259136212625,3010,3010,0,1.0,0.0010737123472305636,0.0011111111111111111,0.0
Greedy,1,2,29.613892377460687,0.4915994623655914,33441.236390919206,0.0013440860215053765,2976,2974,0,1.0006724949562877,0.001076174767351606,0.0030555555555555557,0.0
Greedy,1,3,29.123717621258038,0.47373771602846493,33434.272101780916,0.0,2951,2949,0,1.0006781959986437,0.001072233864558964,0.0016666666666666668,0.0002777777777777778
Greedy,1,4,30.45486765682085,0.5099075297225891,33467.735042395594,0.00033025099075297226,3028,3027,0,1.0003303600925009,0.0010768523012908797,0.0033333333333333335,0.0002777777777777778
Greedy,1,5,30.301887754556613,0.5028494803888702,33456.99279275824,0.0010056989607777405,2983,2980,0,1.001006711409396,0.0010710343728230023,0.0008333333333333334,0.0
Greedy,1,6,30.947860295894262,0.5353866317169069,33484.60614017351,0.000655307994757536,3052,3051,0,1.0003277613897084,0.0010756937925988394,0.0025,0.0
Greedy,1,7,31.115618887492932,0.5209698558322412,33468.53643134015,0.00163826998689384,3052,3051,0,1.0003277613897084,0.001071800067115368,0.0011111111111111111,0.0
Greedy,1,8,30.354221353934246,0.49375410913872453,33458.67782728444,0.0009861932938856016,3042,3040,0,1.000657894736842,0.001071439684084099,0.0019444444444444444,0.0002777777777777778
Greedy,1,9,30.928179571010098,0.5104780615586116,33474.91961256087,0.0,3054,3055,0,0.9996726677577742,0.0010734089915381952,0.0016666666666666668,0.0
Greedy,2,0,29.440753489447292,0.4904201680672269,33447.29049414181,0.0013445378151260505,2975,2975,0,1.0,0.0010757259879028422,0.002777777777777778,0.0
Greedy,2,1,29.44211909114381,0.490846286701209,33440.810021726014,0.0,2895,2895,0,1.0,0.001071616025809716,0.0022222222222222222,0.0
Greedy,2,2,30.29498629635166,0.49489627922291735,33458.317688625735,0.0009878169245966415,3037,3036,0,1.0003293807641633,0.0010751990355654722,0.0033333333333333335,0.0
Greedy,2,3,31.199392144932375,0.49463065408395707,33456.493030877464,0.0013016596160104132,3073,3073,0,1.0,0.001076376432643479,0.0019444444444444444,0.0
Greedy,2,4,30.305626500456974,0.47179827471798275,33442.67339387739,0.0016589250165892503,3014,3014,0,1.0,0.001080953965558567,0.0019444444444444444,0.0
Greedy,2,5,31.40190846498246,0.4887676508344031,33469.6191450759,0.0006418485237483953,3116,3115,0,1.0003210272873195,0.0010830427523210854,0.0016666666666666668,0.0
Greedy,2,6,30.86667662644696,0.5045161290322581,33475.89639476432,0.0006451612903225806,3100,3099,0,1.000322684737012,0.001075242414824768,0.0016666666666666668,0.0
Greedy,2,7,29.24883423173086,0.5162171389552749,33447.86190764851,0.0003414134516899966,2929,2929,0,1.0,0.001077086000198809,0.0016666666666666668,0.0
Greedy,2,8,30.111207507446174,0.489851150202977,33442.73983035476,0.0,2956,2957,0,0.9996618194115657,0.0010745511713644697,0.0019444444444444444,0.0
Greedy,2,9,31.448404840233177,0.49291237113402064,33468.30264177132,0.00032216494845360824,3104,3104,0,1.0,0.0010816022081093655,0.0033333333333333335,0.0
Greedy,3,0,31.003626385184074,0.4970453053184504,33471.78679841258,0.00032829940906106366,3046,3045,0,1.000328407224959,0.0010829332265226792,0.0019444444444444444,0.0
Greedy,3,1,30.123189492575293,0.5507487520798668,33484.430552453065,0.0006655574043261231,3005,3005,0,1.0,0.0010790340198178051,0.002777777777777778,0.0
Greedy,3,2,30.16729000216606,0.5226811103588355,33453.80528007139,0.001015572105619499,2954,2954,0,1.0,0.0010767964478064743,0.0025,0.0
Greedy,3,3,28.615797498161236,0.5100942126514132,33452.42025262089,0.0006729475100942127,2972,2972,0,1.0,0.001077770181129583,0.0033333333333333335,0.0002777777777777778
Greedy,3,4,30.76246186309269,0.5213364207740655,33473.05288709581,0.0003307972213033411,3023,3023,0,1.0,0.0010764426567928037,0.0033333333333333335,0.0
Greedy,3,5,29.658696009709196,0.5169179229480737,33467.28366599459,0.001340033500837521,2985,2984,0,1.0003351206434317,0.0010741233369723582,0.0030555555555555557,0.0
Greedy,3,6,29.852103634370703,0.4954743546765002,33443.41342199575,0.0010056989607777405,2983,2983,0,1.0,0.001076285402329328,0.0005555555555555556,0.0
Greedy,3,7,31.135873049313286,0.5394865128371791,33488.15527889847,0.00032499187520311994,3077,3078,0,0.9996751137102015,0.0010763281493887512,0.0025,0.0
Greedy,3,8,29.923248551281553,0.5121703853955375,33453.372284719575,0.000676132521974307,2958,2957,0,1.0003381805884342,0.0010754669056041166,0.001388888888888889,0.0
Greedy,3,9,29.98540210333899,0.5062903774226454,33454.30750819203,0.0010200612036722204,2941,2940,0,1.0003401360544217,0.0010794345014599257,0.0033333333333333335,0.0
Greedy,4,0,31.689464832443193,0.5196492367651835,33483.85414592485,0.0006495615459564793,3079,3079,0,1.0,0.00108179539125154,0.0019444444444444444,0.0
Greedy,4,1,30.30235098535554,0.4968595041322314,33449.19514233445,0.0006611570247933885,3025,3026,0,0.9996695307336417,0.001079672920039027,0.0030555555555555557,0.0
Greedy,4,2,29.736415748050153,0.4920311970159376,33449.24528028154,0.001017293997965412,2949,2949,0,1.0,0.0010805426508239987,0.0019444444444444444,0.0
Greedy,4,3,30.488109286385576,0.5018376211159372,33456.43878709541,0.0,2993,2991,0,1.000668672684721,0.0010805181987557765,0.0025,0.0
Greedy,4,4,30.02714405862288,0.4959486833220797,33450.27393912274,0.0,2962,2960,0,1.0006756756756756,0.001084020102603568,0.0022222222222222222,0.0
Greedy,4,5,30.315221499409862,0.4988475469213039,33460.78162869387,0.00032927230819888045,3037,3036,0,1.0003293807641633,0.0010876177257159727,0.0011111111111111111,0.0
Greedy,4,6,30.178234357120758,0.4897340962638842,33449.56033515165,0.0010097610232245036,2971,2969,0,1.0006736274840013,0.0010936405548515418,0.0022222222222222222,0.0
Greedy,4,7,29.529609169558938,0.5075239398084815,33451.414407299424,0.0,2924,2922,0,1.000684462696783,0.001089769627368595,0.002777777777777778,0.0
Greedy,4,8,29.1250827144388,0.472646958885491,33434.95306532608,0.0003397893306150187,2943,2944,0,0.9996603260869565,0.0011302762237998347,0.0022222222222222222,0.0
Greedy,4,9,30.62793164075187,0.5048732943469786,33472.58029438193,0.0016244314489928524,3078,3075,0,1.0009756097560976,0.0010785166006017889,0.0022222222222222222,0.0
Greedy,5,0,30.89798689208299,0.5120928732666882,33480.81243675997,0.0,3101,3101,0,1.0,0.00108811842801515,0.0019444444444444444,0.0
Greedy,5,1,29.755122085910273,0.48062792251169006,33452.62134939803,0.00033400133600534405,2994,2995,0,0.9996661101836394,0.0010917209567398662,0.0011111111111111111,0.0
Greedy,5,2,29.053373577452252,0.5016949152542373,33461.85309052582,0.0013559322033898306,2950,2950,0,1.0,0.0010880088375415653,0.002777777777777778,0.0
Greedy,5,3,29.72005867101127,0.500659195781147,33454.91852163703,0.0006591957811470006,3034,3033,0,1.0003297065611605,0.0010900342183756745,0.0019444444444444444,0.0
Greedy,5,4,30.139285572069067,0.513843111404087,33470.755846770284,0.0006591957811470006,3034,3034,0,1.0,0.0010882033562261818,0.0019444444444444444,0.0
Greedy,5,5,29.66666364408268,0.5283711615487316,33475.370227918625,0.0,2996,2994,0,1.0006680026720107,0.0010878536348981368,0.0033333333333333335,0.0
Greedy,5,6,28.874803120949526,0.4917184265010352,33433.2057177122,0.0006901311249137336,2898,2898,0,1.0,0.0010890408787721146,0.0025,0.0
Greedy,5,7,30.736470420998963,0.5488524590163935,33497.39014860822,0.0009836065573770492,3050,3050,0,1.0,0.0010881287760437569,0.0019444444444444444,0.0002777777777777778
Greedy,5,8,28.38780046097553,0.49517574086836663,33437.99472187526,0.00034458993797381116,2902,2904,0,0.9993112947658402,0.0010886247457367263,0.0038888888888888888,0.0
Greedy,5,9,30.33255001602444,0.49136526555881394,33468.97085248673,0.0009775171065493646,3069,3069,0,1.0,0.001086283840575359,0.001388888888888889,0.0002777777777777778
Greedy,6,0,30.312151583237,0.516617308325107,33468.5427637148,0.0003290556103981573,3039,3039,0,1.0,0.0010762960656494317,0.0033333333333333335,0.0
Greedy,6,1,28.92826013885526,0.5044520547945206,33444.51409891929,0.0006849315068493151,2920,2920,0,1.0,0.0010711626899946067,0.0019444444444444444,0.0
Greedy,6,2,29.78828247343893,0.49569707401032703,33434.089028679824,0.00034423407917383823,2905,2904,0,1.0003443526170799,0.0010734693609669597,0.0011111111111111111,0.0
Greedy,6,3,29.18787621867252,0.47289784572619875,33426.01328813278,0.001389854065323141,2878,2877,0,1.0003475842891902,0.0010756398712854006,0.0022222222222222222,0.0
Greedy,6,4,29.128984971226984,0.4986062717770035,33438.35335907318,0.0,2870,2869,0,1.0003485535029628,0.0010754660583592744,0.0016666666666666668,0.0
Greedy,6,5,29.710686521097912,0.4968698517298188,33461.11270373924,0.00032948929159802305,3035,3035,0,1.0,0.0010714882017863502,0.0022222222222222222,0.0
Greedy,6,6,30.61191038447256,0.4946949602122016,33451.32260406261,0.0,3016,3014,0,1.0006635700066357,0.0010699876519437465,0.0019444444444444444,0.0
Greedy,6,7,30.31386028127134,0.5267253044654939,33457.0923265937,0.0,2956,2955,0,1.0003384094754653,0.0010745669989975998,0.0022222222222222222,0.0
Greedy,6,8,30.381327449092296,0.5284799460734749,33462.5030354422,0.0016852039096730705,2967,2967,0,1.0,0.0010798236083549757,0.002777777777777778,0.0
Greedy,6,9,30.437588312801537,0.4682618810235959,33445.30440798502,0.0006646726487205051,3009,3008,0,1.0003324468085106,0.0010750943135159712,0.001388888888888889,0.0
Greedy,7,0,30.554325116716875,0.5001649620587265,33468.00167093843,0.0,3031,3030,0,1.0003300330033003,0.0010832450789166614,0.0033333333333333335,0.0
Greedy,7,1,29.693174607733674,0.5332878115397747,33464.560581922844,0.0006828269033799932,2929,2930,0,0.9996587030716724,0.0010784755221619788,0.003611111111111111,0.0
Greedy,7,2,31.310539553938828,0.4650641025641026,33451.99914751136,0.0009615384615384616,3120,3121,0,0.99967958987504,0.001081598117404307,0.0030555555555555557,0.0002777777777777778
Greedy,7,3,30.554609550260512,0.48879506333225076,33459.844444940776,0.0006495615459564793,3079,3079,0,1.0,0.0010790150764579368,0.0033333333333333335,0.0
Greedy,7,4,29.256353505528974,0.49225473321858865,33444.94094504603,0.00034423407917383823,2905,2905,0,1.0,0.001075701893164983,0.0016666666666666668,0.0
Greedy,7,5,31.464820237271432,0.48982886664514047,33464.68067267893,0.0009686793671294801,3097,3099,0,0.9993546305259762,0.0010759677291692546,0.0019444444444444444,0.0002777777777777778
Greedy,7,6,28.459199388612273,0.4973913043478261,33429.19115806005,0.00034782608695652176,2875,2875,0,1.0,0.0010779900169129379,0.0002777777777777778,0.0
Greedy,7,7,30.730710818883413,0.5146333442946399,33476.14773585902,0.0003288391976323578,3041,3041,0,1.0,0.001078880021749582,0.0022222222222222222,0.0
Greedy,7,8,29.493455527816238,0.5195813639432816,33462.22882037233,0.00033760972316002703,2962,2960,0,1.0006756756756756,0.0010766315180161551,0.003611111111111111,0.0
Greedy,7,9,30.630392305697644,0.4944661458333333,33463.44063343854,0.001953125,3072,3072,0,1.0,0.0010784371827159906,0.0025,0.0
Greedy,8,0,30.955675408503197,0.5402750491159135,33479.590244172425,0.0006548788474132286,3054,3052,0,1.0006553079947575,0.0010794504697615695,0.001388888888888889,0.0
Greedy,8,1,30.73863792065335,0.47197346600331674,33449.97286109146,0.0009950248756218905,3015,3016,0,0.9996684350132626,0.0010788066817137103,0.0030555555555555557,0.0
Greedy,8,2,29.369302736393905,0.5073005093378607,33452.14561070287,0.00033955857385398983,2945,2946,0,0.9996605566870332,0.001077179454215285,0.0008333333333333334,0.0
Greedy,8,3,30.198348741974545,0.503955174686882,33469.19982781907,0.0,3034,3032,0,1.0006596306068603,0.0010781242114414151,0.0019444444444444444,0.0002777777777777778
Greedy,8,4,30.436044102572914,0.5143233454066513,33476.982904840625,0.0006585446163977609,3037,3037,0,1.0,0.0010757318555584385,0.0019444444444444444,0.0
Greedy,8,5,31.88526214386741,0.5103109656301146,33467.115364021585,0.0003273322422258593,3055,3053,0,1.0006550933508025,0.001072760265540435,0.0016666666666666668,0.0
Greedy,8,6,30.9323032665863,0.4859625668449198,33446.542943708846,0.001002673796791444,2992,2993,0,0.9996658870698296,0.001078001026245248,0.0016666666666666668,0.0
Greedy,8,7,29.175112129721406,0.5189829327760362,33437.007981276045,0.0013932427725531174,2871,2871,0,1.0,0.001073902002341735,0.0019444444444444444,0.0
Greedy,8,8,31.646493583376465,0.535538814281035,33484.97993523104,0.0013101867016049786,3053,3053,0,1.0,0.001078490449193244,0.0022222222222222222,0.0
Greedy,8,9,30.080791431431777,0.5177049180327868,33469.6641671032,0.0003278688524590164,3050,3050,0,1.0,0.0010760084729150145,0.0019444444444444444,0.0
Greedy,9,0,29.934360291639518,0.5067842605156038,33446.9498392961,0.00033921302578018993,2948,2949,0,0.9996609020006781,0.001070843272221585,0.001388888888888889,0.0
Greedy,9,1,30.081588031742342,0.4913058302079782,33441.74861177527,0.0,2933,2934,0,0.9996591683708248,0.0010746551706688479,0.0025,0.0
Greedy,9,2,30.151091294570893,0.508789722785666,33456.511871980634,0.0003380662609871535,2958,2960,0,0.9993243243243243,0.0010777362848683777,0.0016666666666666668,0.0
Greedy,9,3,31.276196723792175,0.4784859268845034,33455.27366058068,0.0012940795858945326,3091,3090,0,1.0003236245954692,0.0011061444464657041,0.0030555555555555557,0.0
Greedy,9,4,30.473461893109583,0.5179335307666996,33468.50729786852,0.0006581112207963146,3039,3038,0,1.000329163923634,0.0010967099014022904,0.0022222222222222222,0.0
Greedy,9,5,29.40688894346716,0.48909451421017847,33456.350953087036,0.0009914077990746861,3026,3025,0,1.0003305785123966,0.001078467107921218,0.0033333333333333335,0.0
Greedy,9,6,30.80632386751492,0.48171334431630974,33448.972804821206,0.0006589785831960461,3035,3035,0,1.0,0.0010744404215883051,0.003611111111111111,0.0
Greedy,9,7,30.219766251564824,0.4963210702341137,33454.313159845995,0.0,2990,2989,0,1.0003345600535296,0.001074774704951172,0.0008333333333333334,0.0
Greedy,9,8,29.440382112684212,0.48272425249169437,33446.31114803809,0.0,3010,3009,0,1.0003323363243604,0.001077079307934683,0.0025,0.0
Greedy,9,9,29.47747280601107,0.5146218487394958,33460.73832122536,0.0003361344537815126,2975,2975,0,1.0,0.0010764578295897485,0.0025,0.0
Random,0,0,-2125.8624328314436,0.44800301431801054,33381.17163126536,0.0007535795026375283,2654,2994,341,0.8864395457581831,0.0016799921642005858,7.495833333333334,0.8302777777777778
Random,0,1,-2015.6086538923132,0.4387793077781913,33371.73814021943,0.0003721622627465575,2687,3008,319,0.8932845744680851,0.001675757306252813,7.461111111111111,0.8469444444444445
Random,0,2,-1916.0496501340149,0.47512991833704527,33389.645095533655,0.0011135857461024498,2694,2994,298,0.8997995991983968,0.0016760342712384753,7.493333333333333,0.8213888888888888
Random,0,3,-2036.3726122802711,0.4552023121387283,33398.02588769205,0.000361271676300578,2768,3087,319,0.8966634272756722,0.0016792506519575708,7.485,0.8430555555555556
Random,0,4,-1999.6682733172713,0.46463462289957014,33377.77167350572,0.0007815552950371239,2559,2875,316,0.8900869565217391,0.001673655951486176,7.538888888888889,0.8283333333333334
Random,0,5,-1997.503687280165,0.45640074211502785,33394.804580339725,0.00037105751391465676,2695,3009,315,0.8956463941508807,0.0016720019905025968,7.506388888888889,0.8361111111111111
Random,0,6,-2054.472597091238,0.4192139737991266,33342.45882182989,0.0003969829297340214,2519,2844,325,0.8857243319268636,0.0016726260493871651,7.473055555555556,0.8508333333333333
Random,0,7,-1988.1586014362965,0.44658696490551486,33370.3543655516,0.0007713073659853452,2593,2909,317,0.8913716053626676,0.0016714651137590408,7.495,0.8380555555555556
Random,0,8,-2075.591700918621,0.44659471529586897,33381.15825897352,0.0,2687,3017,331,0.8906198210142525,0.0016725821009862959,7.469166666666666,0.8613888888888889
Random,0,9,-2052.025128494591,0.4529476382277554,33392.2910779712,0.001830831197363603,2731,3053,323,0.8945299705207992,0.0016763047864919321,7.474722222222222,0.8391666666666666
Random,1,0,-2138.2019677603457,0.46088246199480903,33387.76072835916,0.0003707823507601038,2697,3042,345,0.8865877712031558,0.0016733150275993266,7.4591666666666665,0.8358333333333333
Random,1,1,-2066.2401271610834,0.4511558538404176,33373.73246410075,0.0003728560775540641,2682,3010,328,0.891029900332226,0.0016721910182645335,7.490277777777778,0.8338888888888889
Random,1,2,-2219.637671038607,0.43162719633307867,33359.214579659536,0.0007639419404125286,2618,2974,358,0.8802958977807667,0.0016684355990340314,7.498333333333333,0.8130555555555555
Random,1,3,-1969.5212134590981,0.4112078758046195,33351.95997875137,0.0003786444528587656,2641,2949,310,0.8955578162088844,0.0016658559050281635,7.501944444444445,0.8494444444444444
Random,1,4,-2082.8511890002587,0.4453096032628847,33376.294545333825,0.0003707823507601038,2697,3027,331,0.8909811694747275,0.0016702360024080712,7.490833333333334,0.8413888888888889
Random,1,5,-2021.6913457256749,0.4483665039429215,33380.65981375975,0.0007510326699211416,2663,2980,320,0.8936241610738255,0.001670364020456974,7.511111111111111,0.8186111111111111
Random,1,6,-2113.4540033582193,0.4670592565329407,33396.53897187818,0.000736105999263894,2717,3051,335,0.8905276958374303,0.0016711376649456927,7.507777777777778,0.8202777777777778
Random,1,7,-1972.115691681314,0.4424198250728863,33387.42405495179,0.00036443148688046647,2744,3051,308,0.8993772533595542,0.0016680636165094457,7.480833333333333,0.8488888888888889
Random,1,8,-2076.503283107483,0.43998527245949925,33381.544769068256,0.0011045655375552283,2716,3040,326,0.8934210526315789,0.001666572457502803,7.475555555555555,0.8530555555555556
Random,1,9,-1965.5116715503987,0.44994539497633784,33389.19550803474,0.0007280669821623589,2747,3055,307,0.8991816693944353,0.0016707031528413708,7.492222222222222,0.8055555555555556
Random,2,0,-1944.8571954901645,0.42296185489902766,33364.57054425058,0.0,2674,2975,301,0.8988235294117647,0.0016694362420821562,7.525555555555556,0.8283333333333334
Random,2,1,-1950.4963072607754,0.4526478546579049,33374.070003239685,0.0,2587,2895,308,0.8936096718480138,0.0016642783351320152,7.528888888888889,0.8269444444444445
Random,2,2,-2027.360856235657,0.4457121825542878,33384.84961011895,0.000368052999631947,2717,3036,320,0.894927536231884,0.0016764038381451326,7.497777777777777,0.8263888888888888
Random,2,3,-2047.198766724655,0.43054545454545456,33378.06843556178,0.0,2750,3073,323,0.8948909860071591,0.0016723461206614352,7.499444444444444,0.8266666666666667
Random,2,4,-1965.8945459724143,0.40924214417744914,33365.10260173552,0.0,2705,3014,309,0.8974784339747843,0.0016845547506818548,7.472222222222222,0.8513888888888889
Random,2,5,-2158.2034022387684,0.4417598269022719,33393.77879049824,0.0,2773,3115,343,0.8902086677367577,0.0016772920094404577,7.4775,0.8297222222222222
Random,2,6,-2051.602939993212,0.4234785740007202,33382.35980348872,0.0010803024846957148,2777,3099,323,0.8960955146821555,0.00167317948944401,7.446111111111111,0.8613888888888889
Random,2,7,-2168.833517017497,0.46490887941062425,33375.004897499086,0.0015509887553315238,2579,2929,350,0.8805052919085012,0.0016716095156476109,7.4927777777777775,0.8044444444444444
Random,2,8,-1900.2558137965962,0.43639774859287056,33369.507607450476,0.000375234521575985,2665,2957,292,0.9012512681772066,0.001673692620695672,7.523611111111111,0.8186111111111111
Random,2,9,-1992.8663752923087,0.44265232974910396,33389.37472144333,0.0007168458781362007,2790,3104,314,0.898840206185567,0.0016775889234850185,7.486944444444444,0.8275
Random,3,0,-1875.9726803931244,0.4475499092558984,33396.18168808676,0.0014519056261343012,2755,3045,291,0.9047619047619048,0.001671046980643748,7.485555555555556,0.8572222222222222
Random,3,1,-2048.3940241173636,0.474449832152182,33396.01730470566,0.0,2681,3005,324,0.8921797004991681,0.0016770017149004464,7.4775,0.855
Random,3,2,-2022.3302019688736,0.45692599620493357,33378.59257776719,0.0,2635,2954,319,0.8920108327691266,0.0017371705228773258,7.4591666666666665,0.8522222222222222
Random,3,3,-2092.6497994868387,0.44309559939301973,33369.85418725822,0.00037936267071320183,2636,2972,336,0.8869448183041723,0.0016816238672213834,7.4927777777777775,0.8336111111111111
Random,3,4,-2107.3611513534415,0.46022304832713756,33390.188251826956,0.0003717472118959108,2690,3023,333,0.8898445253059875,0.0016669823493834378,7.4944444444444445,0.83
Random,3,5,-2040.7483046195434,0.4459053343350864,33378.358858215346,0.0018782870022539444,2662,2984,323,0.8920911528150134,0.0016715505448195878,7.4622222222222225,0.8425
Random,3,6,-1988.2686250994134,0.42718083114938227,33362.293044273545,0.0011231748408835642,2671,2983,312,0.895407308079115,0.0016717561116416212,7.455555555555556,0.8461111111111111
Random,3,7,-2022.3176285472914,0.4717391304347826,33406.222469113,0.0010869565217391304,2760,3078,318,0.8966861598440545,0.0016735416898478032,7.529166666666667,0.825
Random,3,8,-1876.19346753185,0.4585987261146497,33382.64695118882,0.0007493443237167478,2669,2957,289,0.9026039905309435,0.0016833377578425119,7.524444444444445,0.8241666666666667
Random,3,9,-1987.5759730472976,0.4352627570449353,33369.62542365148,0.0003808073115003808,2626,2940,315,0.8931972789115646,0.0016749333218386807,7.508055555555556,0.8355555555555556
Random,4,0,-2105.8907871765646,0.4347667638483965,33384.855389669036,0.00036443148688046647,2744,3079,335,0.8911984410522897,0.0016792932987704664,7.537222222222222,0.8263888888888888
Random,4,1,-2020.5799024038415,0.43311160384331115,33370.82775272725,0.0003695491500369549,2706,3026,319,0.8942498347653668,0.001671786863072258,7.505833333333333,0.845
Random,4,2,-2015.6452663021632,0.4351289833080425,33375.1057452659,0.0,2636,2949,314,0.8938623262122753,0.0016745256111284509,7.498333333333333,0.8313888888888888
Random,4,3,-2143.1415448932557,0.4176737160120846,33358.791029936205,0.00037764350453172205,2648,2991,345,0.8853226345703779,0.001678961406772335,7.485,0.8438888888888889
Random,4,4,-1867.741713820135,0.42477544910179643,33370.447228875186,0.00037425149700598805,2672,2960,290,0.9027027027027027,0.0016816202340932149,7.505833333333333,0.8488888888888889
Random,4,5,-1913.3692986181625,0.43544857768052514,33387.8085910917,0.0,2742,3036,295,0.9031620553359684,0.001677017877227627,7.512222222222222,0.8241666666666667
Random,4,6,-2008.5526150186342,0.4278719397363465,33369.89251191629,0.0007532956685499058,2655,2969,316,0.8942404850117884,0.0016719564009690657,7.476111111111111,0.8105555555555556
Random,4,7,-2056.5482361298546,0.45090489025798997,33375.256722951926,0.0,2597,2922,327,0.8887748117727584,0.001671972728217952,7.4927777777777775,0.8416666666666667
Random,4,8,-1872.1514422877754,0.40482472672446285,33349.58966077754,0.0,2653,2944,290,0.9011548913043478,0.0016775656582063271,7.487777777777778,0.8427777777777777
Random,4,9,-2240.6374815307245,0.45270518954729483,33395.213358642904,0.000368052999631947,2717,3075,361,0.8835772357723577,0.0016711062328087995,7.506388888888889,0.8338888888888889
Random,5,0,-2107.716569670563,0.4421965317919075,33390.361600528675,0.000722543352601156,2768,3101,333,0.8926152853918091,0.001677285338195765,7.517777777777778,0.8166666666666667
Random,5,1,-2144.4360554757486,0.4217276499434176,33370.903949396765,0.0003772161448509996,2651,2995,343,0.8851419031719533,0.0016701863173188432,7.485833333333333,0.8372222222222222
Random,5,2,-1993.5613586549703,0.4326886613576033,33371.812852927294,0.0003792188092529389,2637,2950,313,0.8938983050847458,0.0016790559958381993,7.560555555555555,0.8072222222222222
Random,5,3,-2080.0657180322264,0.45582255083179296,33386.64178962236,0.0014787430683918669,2705,3033,329,0.891856247939334,0.0016736522423646725,7.4688888888888885,0.8302777777777778
Random,5,4,-2072.8009250141718,0.47560975609756095,33404.3283285524,0.0003695491500369549,2706,3034,328,0.8918918918918919,0.001679039217479941,7.483888888888889,0.7888888888888889
Random,5,5,-1974.5968252246364,0.4672375279225614,33397.20606050176,0.0,2686,2994,310,0.897127588510354,0.0016814641712699085,7.543055555555555,0.7991666666666667
Random,5,6,-1986.178785549306,0.44272445820433437,33356.493159174424,0.0003869969040247678,2584,2898,314,0.8916494133885439,0.001681551319456452,7.4975,0.8294444444444444
Random,5,7,-2085.178417370181,0.4895259095920617,33407.07429074376,0.0003675119441381845,2721,3050,329,0.8921311475409837,0.0016800240830181993,7.4875,0.8425
Random,5,8,-1952.734841644343,0.42697495183044315,33364.051074269184,0.0,2595,2904,307,0.893595041322314,0.0016752676844286425,7.491666666666666,0.8422222222222222
Random,5,9,-2175.843604178645,0.42668136714443217,33384.749737452505,0.000735023888276369,2721,3069,348,0.8866080156402737,0.0016798622527858242,7.4975,0.8483333333333334
Random,6,0,-2183.2680862296015,0.44642857142857145,33383.05601173467,0.0003720238095238095,2688,3039,351,0.8845014807502468,0.001678895321674645,7.499444444444444,0.8266666666666667
Random,6,1,-1905.381567430522,0.43592677345537756,33362.795886926666,0.0007627765064836003,2622,2920,298,0.897945205479452,0.001675333711318672,7.496388888888889,0.8144444444444444
Random,6,2,-1978.1264220436021,0.42890173410404625,33357.55270741554,0.0007707129094412332,2595,2904,310,0.893595041322314,0.0016767372322242912,7.558611111111111,0.8147222222222222
Random,6,3,-1882.5965452195687,0.41231126596980255,33355.99240340861,0.00038714672861014324,2583,2877,295,0.8978102189781022,0.0016723822854045364,7.5475,0.8152777777777778
Random,6,4,-1810.5829924661605,0.4465457352373601,33364.33233170391,0.00038595137012736397,2591,2869,279,0.9031021261763681,0.0016740466445399863,7.476111111111111,0.8402777777777778
Random,6,5,-1898.425131644272,0.43544857768052514,33382.99157308262,0.0,2742,3035,293,0.9034596375617793,0.0016728261673253856,7.4752777777777775,0.8633333333333333
Random,6,6,-2081.463368607089,0.4308609765188222,33374.474241925294,0.0007454342154304882,2683,3014,333,0.8901791639017916,0.001674423867370933,7.5008333333333335,0.8202777777777778
Random,6,7,-1914.1704387734032,0.4633320797292215,33386.21203991891,0.0,2659,2955,297,0.8998307952622674,0.001673734764659053,7.533055555555555,0.8258333333333333
Random,6,8,-1927.470708665089,0.46476761619190404,33384.348121081035,0.0,2668,2967,299,0.8992248062015504,0.0016730572630573684,7.515555555555555,0.855
Random,6,9,-1868.9481574810973,0.41403379867744305,33369.471004091676,0.0011021307861866275,2722,3008,287,0.9049202127659575,0.001674983006927909,7.477777777777778,0.8477777777777777
Random,7,0,-2061.5422104556146,0.4393042190969652,33383.22807858198,0.0007401924500370096,2702,3030,329,0.8917491749174917,0.001676869284387471,7.437777777777778,0.8422222222222222
Random,7,1,-2039.3736151941964,0.4485407066052227,33376.17210210118,0.00038402457757296467,2604,2930,325,0.8887372013651877,0.0016765105230863101,7.509166666666666,0.8391666666666666
Random,7,2,-2108.112893184852,0.40387374461979914,33371.18578433308,0.0014347202295552368,2788,3121,332,0.8933034283883371,0.001671659755326497,7.489722222222222,0.8425
Random,7,3,-2042.5357810469245,0.41941325606664254,33376.52057843417,0.0014487504527345165,2761,3079,318,0.8967197141929197,0.0016776472136067846,7.483888888888889,0.8225
Random,7,4,-2101.45195050405,0.43608729540140295,33369.792513435576,0.0,2566,2905,339,0.8833046471600688,0.0016726307706752168,7.528888888888889,0.8255555555555556
Random,7,5,-2059.547235654868,0.43392149801944546,33388.69115542487,0.0,2777,3099,321,0.8960955146821555,0.0016748685981535043,7.518055555555556,0.8425
Random,7,6,-1822.6649470131242,0.4388738912456614,33357.931352170395,0.0003856536829926726,2593,2875,282,0.9019130434782608,0.0017449058440332818,7.503055555555555,0.8336111111111111
Random,7,7,-1921.9934592704342,0.4553408676631425,33400.29267263385,0.0007291286912139992,2743,3041,298,0.9020059191055574,0.0017460866899151977,7.500555555555556,0.8475
Random,7,8,-1916.754147844029,0.4645137063462261,33384.591811659455,0.0011265490048817123,2663,2960,299,0.8996621621621622,0.0016741561751890304,7.461111111111111,0.8508333333333333
Random,7,9,-2091.7353237364027,0.4354956268221574,33381.22382349093,0.0007288629737609329,2744,3072,329,0.8932291666666666,0.0016696085529272547,7.480277777777777,0.8366666666666667
Random,8,0,-2095.3391126626393,0.4663479220301581,33395.076629206465,0.0011033468186833395,2719,3052,335,0.8908912188728703,0.001682368372308297,7.4575,0.8480555555555556
Random,8,1,-1998.284989378867,0.4266666666666667,33379.306172853816,0.0007407407407407407,2700,3016,315,0.8952254641909815,0.0016705035927265675,7.493055555555555,0.805
Random,8,2,-1929.0152532067646,0.4477668433005299,33377.86774892857,0.0,2642,2946,304,0.8968092328581126,0.0016768239745740881,7.510555555555555,0.8280555555555555
Random,8,3,-2063.0449156906593,0.45121951219512196,33395.24449200616,0.0,2706,3032,328,0.8924802110817942,0.001676042405759088,7.481388888888889,0.8227777777777778
Random,8,4,-2068.122828330862,0.4549483013293944,33393.736395693326,0.00036927621861152144,2708,3037,329,0.8916694106025683,0.0016807396605145186,7.503333333333333,0.8516666666666667
Random,8,5,-2112.352589855885,0.45086492454913507,33377.19736937245,0.000368052999631947,2717,3053,338,0.8899443170651817,0.001674343286948796,7.51,0.84
Random,8,6,-2039.769664550618,0.43916136278547363,33373.86849824607,0.0,2671,2993,322,0.892415636485132,0.0016741632474198316,7.533055555555555,0.8230555555555555
Random,8,7,-1934.284316574069,0.4672642244738893,33373.14599117942,0.0,2566,2871,305,0.8937652385928248,0.00167157646016373,7.483611111111111,0.8372222222222222
Random,8,8,-2201.2825586118506,0.4849944423860689,33403.86199032921,0.0007410151908114116,2699,3053,354,0.8840484769079594,0.0016715178304972749,7.476111111111111,0.8447222222222223
Random,8,9,-2072.7794034881863,0.4559794570799707,33392.90629569646,0.00036683785766691124,2726,3050,324,0.8937704918032787,0.001678083733875408,7.493888888888889,0.8363888888888888
Random,9,0,-1998.9911640619807,0.4398481973434535,33365.456265294735,0.0,2635,2949,313,0.8935232282129535,0.0016724277488214688,7.488611111111111,0.8327777777777777
Random,9,1,-1987.3568844563786,0.4319571865443425,33361.427033192784,0.0015290519877675841,2616,2934,317,0.8916155419222904,0.0016811472176211989,7.479166666666667,0.8580555555555556
Random,9,2,-2040.7706247410588,0.4432206608431447,33373.72552870955,0.00037979491074819596,2633,2960,325,0.889527027027027,0.0016741557289302969,7.499722222222222,0.8416666666666667
Random,9,3,-2086.51434176677,0.42810575878304963,33384.26953807988,0.0010865628395508873,2761,3090,330,0.8935275080906149,0.0016778241729803593,7.482222222222222,0.84
Random,9,4,-2112.217221353851,0.44728079911209767,33379.839531816,0.0,2703,3038,336,0.8897300855826201,0.0016713107906980438,7.472777777777778,0.8563888888888889
Random,9,5,-2146.7710358529052,0.4316064107342527,33376.93781272072,0.0003727171077152441,2683,3025,343,0.8869421487603306,0.001676215580017823,7.464166666666666,0.8455555555555555
Random,9,6,-2070.025263113869,0.41922365988909427,33367.95429700582,0.0007393715341959334,2705,3035,330,0.8912685337726524,0.0016735118357852723,7.491666666666666,0.8375
Random,9,7,-1940.4587431424259,0.43601190476190477,33379.79670671959,0.0011160714285714285,2688,2989,302,0.8992974238875878,0.0016713680718870212,7.497777777777777,0.8222222222222222
Random,9,8,-2221.8742602788793,0.4304560874481719,33367.83199141982,0.0003769317753486619,2653,3009,357,0.8816882685277501,0.0016738381333804377,7.488611111111111,0.8430555555555556
Random,9,9,-2080.149922689967,0.45024593265228907,33375.78015643408,0.00037835792659856227,2643,2975,332,0.8884033613445378,0.0016745922977053046,7.496666666666667,0.8355555555555556
Load-Aware WRR,0,0,25.642312660670235,0.5048414023372287,33457.04944978026,0.000667779632721202,2995,2994,0,1.0003340013360054,0.0025088769584221565,0.0811111111111111,0.0
Load-Aware WRR,0,1,28.13138404783627,0.499001996007984,33451.95003636543,0.0006653359946773121,3006,3008,0,0.9993351063829787,0.0024991854718084345,0.08222222222222222,0.0
Load-Aware WRR,0,2,27.961340027559107,0.5387700534759359,33475.697516507455,0.001002673796791444,2992,2994,0,0.9993319973279893,0.0024863868554045134,0.08527777777777777,0.0
Load-Aware WRR,0,3,27.958948866867257,0.5162022034996759,33484.28238514269,0.0006480881399870382,3086,3087,0,0.9996760609005507,0.0024863934280195585,0.08888888888888889,0.0
Load-Aware WRR,0,4,26.256966332442207,0.5220869565217391,33448.60837860062,0.0,2875,2875,0,1.0,0.0024770403963177362,0.0811111111111111,0.0
Load-Aware WRR,0,5,27.553653121471786,0.5196013289036545,33468.35479204451,0.0003322259136212625,3010,3009,0,1.0003323363243604,0.0024746523817561357,0.0875,0.0
Load-Aware WRR,0,6,26.997014263921816,0.4919127988748242,33426.83348032732,0.00035161744022503517,2844,2844,0,1.0,0.0024783880702064684,0.0763888888888889,0.0
Load-Aware WRR,0,7,26.965290999965063,0.5061855670103093,33456.132402172414,0.0,2910,2909,0,1.0003437607425232,0.0024647296668263152,0.0825,0.0
Load-Aware WRR,0,8,27.214349519964948,0.5009940357852882,33457.489302401445,0.0009940357852882703,3018,3017,0,1.0003314550878355,0.002498435946310767,0.08861111111111111,0.0
Load-Aware WRR,0,9,28.006347667990788,0.49836280288146695,33469.54133398695,0.0013097576948264572,3054,3053,0,1.0003275466754011,0.002473147506760951,0.09027777777777778,0.0
Load-Aware WRR,1,0,26.783867570011726,0.5289283366206443,33488.07000719315,0.0009861932938856016,3042,3042,0,1.0,0.0024845154451516764,0.09083333333333334,0.0
Load-Aware WRR,1,1,26.99089603551177,0.5109634551495017,33461.04242230493,0.0003322259136212625,3010,3010,0,1.0,0.0025024949007072593,0.08,0.0
Load-Aware WRR,1,2,27.6914590872319,0.4909274193548387,33441.252882311535,0.0013440860215053765,2976,2974,0,1.0006724949562877,0.0024874579216379467,0.08305555555555555,0.0
Load-Aware WRR,1,3,26.89481477088392,0.47373771602846493,33435.334968158255,0.0,2951,2949,0,1.0006781959986437,0.0024917963326313644,0.07805555555555556,0.0
Load-Aware WRR,1,4,25.8390004989491,0.5095772787318362,33469.71523280567,0.00033025099075297226,3028,3027,0,1.0003303600925009,0.0025087724400994675,0.08833333333333333,0.0
Load-Aware WRR,1,5,27.313737118259983,0.5028494803888702,33458.058236657555,0.0010056989607777405,2983,2980,0,1.001006711409396,0.0024949261278379704,0.07944444444444444,0.0
Load-Aware WRR,1,6,27.870823272103436,0.5350589777195282,33486.30054842907,0.000327653997378768,3052,3051,0,1.0003277613897084,0.002512213769174802,0.09305555555555556,0.0
Load-Aware WRR,1,7,27.7867721671501,0.5206422018348624,33470.26464601385,0.001310615989515072,3052,3051,0,1.0003277613897084,0.0024912419175961986,0.08666666666666667,0.0
Load-Aware WRR,1,8,27.39489282655123,0.49375410913872453,33459.848807911796,0.0009861932938856016,3042,3040,0,1.000657894736842,0.0024830893461411404,0.08305555555555555,0.0
Load-Aware WRR,1,9,27.644490650321178,0.5104780615586116,33475.44770169206,0.0,3054,3055,0,0.9996726677577742,0.0024796856159809972,0.08222222222222222,0.0
Load-Aware WRR,2,0,27.31464130859062,0.4900840336134454,33447.76760405646,0.0010084033613445378,2975,2975,0,1.0,0.002473332516577405,0.07944444444444444,0.0
Load-Aware WRR,2,1,26.387887755428945,0.490846286701209,33442.08659295472,0.0,2895,2895,0,1.0,0.002462228119838983,0.08472222222222223,0.0
Load-Aware WRR,2,2,27.56786244382237,0.4942377346065196,33459.10999975373,0.0006585446163977609,3037,3036,0,1.0003293807641633,0.002476056688465178,0.085,0.0
Load-Aware WRR,2,3,27.43626628343493,0.49495606898795963,33457.61689833671,0.0013016596160104132,3073,3073,0,1.0,0.0024697851040400565,0.08666666666666667,0.0
Load-Aware WRR,2,4,28.165665253545548,0.47113470471134705,33443.05716694821,0.0009953550099535502,3014,3014,0,1.0,0.002485177832164077,0.08,0.0
Load-Aware WRR,2,5,27.523527349998233,0.4887676508344031,33470.699232451545,0.0006418485237483953,3116,3115,0,1.0003210272873195,0.002487642359079069,0.08555555555555555,0.0
Load-Aware WRR,2,6,27.42302495158148,0.5045161290322581,33478.369042370585,0.0003225806451612903,3100,3099,0,1.000322684737012,0.002469425359676178,0.08555555555555555,0.0
Load-Aware WRR,2,7,25.474952914960983,0.5162171389552749,33449.10467546093,0.0003414134516899966,2929,2929,0,1.0,0.0024721652330804826,0.08083333333333333,0.0
Load-Aware WRR,2,8,28.46089789736548,0.489851150202977,33442.840165727706,0.0,2956,2957,0,0.9996618194115657,0.0024607142372082714,0.07972222222222222,0.0
Load-Aware WRR,2,9,28.939515946178048,0.49291237113402064,33468.77279323819,0.00032216494845360824,3104,3104,0,1.0,0.002485960616872439,0.08694444444444445,0.0
Load-Aware WRR,3,0,28.1729736845391,0.4970453053184504,33472.01835522045,0.00032829940906106366,3046,3045,0,1.000328407224959,0.002478952094356322,0.0913888888888889,0.0
Load-Aware WRR,3,1,27.237744977560382,0.5507487520798668,33485.510270745785,0.0009983361064891847,3005,3005,0,1.0,0.0024730759275068217,0.08888888888888889,0.0
Load-Aware WRR,3,2,27.4390824290343,0.5226811103588355,33454.372174674274,0.001015572105619499,2954,2954,0,1.0,0.002467819384441504,0.08666666666666667,0.0
Load-Aware WRR,3,3,26.00678673398383,0.5097577388963661,33453.078041197725,0.0006729475100942127,2972,2972,0,1.0,0.002468348228527854,0.08333333333333333,0.0
Load-Aware WRR,3,4,27.944374895689812,0.5213364207740655,33474.025491053886,0.0003307972213033411,3023,3023,0,1.0,0.002455428409221996,0.08416666666666667,0.0
Load-Aware WRR,3,5,26.258108538163256,0.5162479061976549,33468.03315971892,0.0010050251256281408,2985,2984,0,1.0003351206434317,0.002470521267645785,0.08777777777777777,0.0
Load-Aware WRR,3,6,28.078951904913698,0.4954743546765002,33443.55669356321,0.0010056989607777405,2983,2983,0,1.0,0.0024493180438488102,0.07777777777777778,0.0
Load-Aware WRR,3,7,28.688941411184846,0.5394865128371791,33489.17823936436,0.00032499187520311994,3077,3078,0,0.9996751137102015,0.0024635080044390634,0.08666666666666667,0.0
Load-Aware WRR,3,8,27.80351059829315,0.5118323191345504,33453.91034886638,0.000676132521974307,2958,2957,0,1.0003381805884342,0.0024588524053494143,0.08138888888888889,0.0
Load-Aware WRR,3,9,27.963397476316732,0.5059503570214213,33454.91801409214,0.0010200612036722204,2941,2940,0,1.0003401360544217,0.002461274450373215,0.08861111111111111,0.0
Load-Aware WRR,4,0,27.46059970263683,0.5193244559922052,33485.47439928402,0.0006495615459564793,3079,3079,0,1.0,0.002489316209297006,0.08777777777777777,0.0
Load-Aware WRR,4,1,28.40328791326975,0.4968595041322314,33449.82493416407,0.0006611570247933885,3025,3026,0,0.9996695307336417,0.00247530692043559,0.07888888888888888,0.0
Load-Aware WRR,4,2,27.866627448923797,0.4916920990166158,33450.24303313505,0.0006781959986436081,2949,2949,0,1.0,0.0024908500280515808,0.08861111111111111,0.0
Load-Aware WRR,4,3,27.77457134567979,0.5018376211159372,33457.90572701635,0.0,2993,2991,0,1.000668672684721,0.0024767117590979775,0.08138888888888889,0.0
Load-Aware WRR,4,4,27.804619607740634,0.4959486833220797,33450.53019434821,0.0,2962,2960,0,1.0006756756756756,0.0024742741079535335,0.08,0.0
Load-Aware WRR,4,5,28.18098185126351,0.4988475469213039,33461.29951515318,0.0006585446163977609,3037,3036,0,1.0003293807641633,0.002479382871469069,0.08694444444444445,0.0
Load-Aware WRR,4,6,27.604441269576164,0.4897340962638842,33450.55567140917,0.0010097610232245036,2971,2969,0,1.0006736274840013,0.002472774589680032,0.08777777777777777,0.0
Load-Aware WRR,4,7,26.69192790477418,0.5075239398084815,33452.46939802968,0.0,2924,2922,0,1.000684462696783,0.0024726983554299096,0.08027777777777778,0.0
Load-Aware WRR,4,8,27.88504677974484,0.472646958885491,33435.71399323898,0.0003397893306150187,2943,2944,0,0.9996603260869565,0.00247343765578181,0.07861111111111112,0.0
Load-Aware WRR,4,9,26.973215800058238,0.50454840805718,33473.45215532392,0.0016244314489928524,3078,3075,0,1.0009756097560976,0.002471324877761718,0.09222222222222222,0.0
Load-Aware WRR,5,0,27.95706605754762,0.5117703966462431,33481.43650738468,0.0,3101,3101,0,1.0,0.002471863402105454,0.08583333333333333,0.0
Load-Aware WRR,5,1,27.74414098507608,0.48062792251169006,33452.96205147078,0.00033400133600534405,2994,2995,0,0.9996661101836394,0.0024784294202820295,0.08222222222222222,0.0
Load-Aware WRR,5,2,27.02760221202519,0.5013559322033898,33462.05121202538,0.0013559322033898306,2950,2950,0,1.0,0.0024853249051375315,0.08472222222222223,0.0
Load-Aware WRR,5,3,27.818816825169353,0.500659195781147,33455.56011931351,0.0006591957811470006,3034,3033,0,1.0003297065611605,0.002464305208478537,0.07527777777777778,0.0
Load-Aware WRR,5,4,28.13103165238318,0.513843111404087,33471.715207123474,0.0006591957811470006,3034,3034,0,1.0,0.0024867781564050047,0.08833333333333333,0.0
Load-Aware WRR,5,5,26.646836284557967,0.5283711615487316,33475.943440491166,0.0,2996,2994,0,1.0006680026720107,0.002494057244297842,0.08972222222222222,0.0
Load-Aware WRR,5,6,25.95449543376812,0.4917184265010352,33433.57527492787,0.0006901311249137336,2898,2898,0,1.0,0.002484625003287672,0.07666666666666666,0.0
Load-Aware WRR,5,7,28.486578915226,0.5488524590163935,33497.676356466305,0.0009836065573770492,3050,3050,0,1.0,0.0024852805751531073,0.09416666666666666,0.0
Load-Aware WRR,5,8,26.181444199138365,0.49517574086836663,33438.33814830815,0.00034458993797381116,2902,2904,0,0.9993112947658402,0.002464545646540096,0.07944444444444444,0.0
Load-Aware WRR,5,9,27.59247225256881,0.49136526555881394,33470.27170986681,0.0009775171065493646,3069,3069,0,1.0,0.0024744978549683257,0.09111111111111111,0.0
Load-Aware WRR,6,0,27.872009370786763,0.516617308325107,33470.0076026051,0.0003290556103981573,3039,3039,0,1.0,0.0024842848150809817,0.07972222222222222,0.0
Load-Aware WRR,6,1,27.278765587024658,0.5044520547945206,33445.36843864705,0.0006849315068493151,2920,2920,0,1.0,0.0024766282327214465,0.08055555555555556,0.0
Load-Aware WRR,6,2,27.250187545727353,0.49569707401032703,33434.69736754543,0.00034423407917383823,2905,2904,0,1.0003443526170799,0.0024879591655917466,0.07527777777777778,0.0
Load-Aware WRR,6,3,26.514743598616313,0.47289784572619875,33427.02487371485,0.001389854065323141,2878,2877,0,1.0003475842891902,0.0024823582643875852,0.08361111111111111,0.0
Load-Aware WRR,6,4,26.98448214562424,0.4986062717770035,33438.85066636615,0.0,2870,2869,0,1.0003485535029628,0.002473109369424896,0.07611111111111112,0.0
Load-Aware WRR,6,5,27.07517884410248,0.49654036243822075,33462.3096323612,0.00032948929159802305,3035,3035,0,1.0,0.002493191452231258,0.07944444444444444,0.0
Load-Aware WRR,6,6,28.050384625868087,0.4946949602122016,33452.54510069117,0.0,3016,3014,0,1.0006635700066357,0.0024841570056095305,0.08194444444444444,0.0
Load-Aware WRR,6,7,28.394707399847764,0.5263870094722598,33457.8348608671,0.0,2956,2955,0,1.0003384094754653,0.0024837876052414584,0.07944444444444444,0.0
Load-Aware WRR,6,8,28.13183116616166,0.5284799460734749,33462.9314826621,0.0016852039096730705,2967,2967,0,1.0,0.002479783600493748,0.08305555555555555,0.0
Load-Aware WRR,6,9,27.826597842991866,0.4675972083748754,33445.48654389529,0.0006646726487205051,3009,3008,0,1.0003324468085106,0.0024971531966002662,0.08555555555555555,0.0
Load-Aware WRR,7,0,27.37810258818726,0.5001649620587265,33469.45298171513,0.0,3031,3030,0,1.0003300330033003,0.0024995764656018265,0.09333333333333334,0.0
Load-Aware WRR,7,1,27.459393573602192,0.5332878115397747,33465.756832258034,0.0006828269033799932,2929,2930,0,0.9996587030716724,0.0024916906323697832,0.08944444444444444,0.0
Load-Aware WRR,7,2,28.468558803772243,0.46474358974358976,33453.214402955186,0.000641025641025641,3120,3121,0,0.99967958987504,0.002489814225959385,0.08277777777777778,0.0
Load-Aware WRR,7,3,27.17208272341426,0.48879506333225076,33460.428958083496,0.0006495615459564793,3079,3079,0,1.0,0.002474849115565626,0.07777777777777778,0.0
Load-Aware WRR,7,4,25.590296857851357,0.491566265060241,33446.134344471386,0.0,2905,2905,0,1.0,0.0024828372681642784,0.08388888888888889,0.0
Load-Aware WRR,7,5,28.423247829159436,0.48982886664514047,33466.83874094652,0.0009686793671294801,3097,3099,0,0.9993546305259762,0.0024862639353765794,0.08833333333333333,0.0
Load-Aware WRR,7,6,26.222425244508432,0.4970434782608696,33430.51238080506,0.0,2875,2875,0,1.0,0.0024729309823467503,0.07472222222222222,0.0
Load-Aware WRR,7,7,28.254312428070897,0.5146333442946399,33477.194710922755,0.0003288391976323578,3041,3041,0,1.0,0.0024857850011257045,0.08694444444444445,0.0
Load-Aware WRR,7,8,26.00180414827777,0.5192437542201216,33463.18422377264,0.0,2962,2960,0,1.0006756756756756,0.002467601260933508,0.08416666666666667,0.0
Load-Aware WRR,7,9,28.02477328412681,0.4944661458333333,33465.13768805402,0.001953125,3072,3072,0,1.0,0.0024594036448333,0.08472222222222223,0.0
Load-Aware WRR,8,0,27.884821242577353,0.5399476096922069,33479.76900807045,0.0006548788474132286,3054,3052,0,1.0006553079947575,0.0024852372702702675,0.09111111111111111,0.0
Load-Aware WRR,8,1,28.014781231956903,0.4716417910447761,33450.57297916316,0.0006633499170812604,3015,3016,0,0.9996684350132626,0.0024604488636315288,0.08055555555555556,0.0
Load-Aware WRR,8,2,25.705323928573787,0.5067888662593347,33453.64310227539,0.00033944331296673454,2946,2946,0,1.0,0.002457979490928766,0.08,0.0
Load-Aware WRR,8,3,27.8504976511907,0.503955174686882,33469.816133893706,0.0,3034,3032,0,1.0006596306068603,0.0024680718391512832,0.095,0.0
Load-Aware WRR,8,4,27.83251204368681,0.5139940730984525,33478.86214691357,0.0006585446163977609,3037,3037,0,1.0,0.0024775288750081225,0.08722222222222223,0.0
Load-Aware WRR,8,5,28.743317227765477,0.5103109656301146,33467.687387363185,0.0003273322422258593,3055,3053,0,1.0006550933508025,0.002466800486824165,0.07972222222222222,0.0
Load-Aware WRR,8,6,27.977472227169773,0.4859625668449198,33446.89356847095,0.001002673796791444,2992,2993,0,0.9996658870698296,0.0024749772904518372,0.08361111111111111,0.0
Load-Aware WRR,8,7,27.180160892744524,0.5186346220828979,33437.45611776612,0.0010449320794148381,2871,2871,0,1.0,0.002490009003344716,0.07472222222222222,0.0
Load-Aware WRR,8,8,29.860186812044343,0.535538814281035,33485.26352936152,0.0013101867016049786,3053,3053,0,1.0,0.0024853999930201103,0.08694444444444445,0.0
Load-Aware WRR,8,9,27.126416934742668,0.5170491803278688,33470.494289791124,0.0003278688524590164,3050,3050,0,1.0,0.0024640575559007833,0.08277777777777778,0.0
Load-Aware WRR,9,0,27.938242108730062,0.5067842605156038,33447.68262833252,0.00033921302578018993,2948,2949,0,0.9996609020006781,0.0024825655289330622,0.07888888888888888,0.0
Load-Aware WRR,9,1,28.204038245140627,0.4913058302079782,33442.73664304984,0.0,2933,2934,0,0.9996591683708248,0.0024775153126231292,0.08416666666666667,0.0
Load-Aware WRR,9,2,27.05729844347354,0.5084516565246788,33457.60217338136,0.0,2958,2960,0,0.9993243243243243,0.002480139330145903,0.08972222222222222,0.0
Load-Aware WRR,9,3,28.19971343556407,0.47783888709155614,33456.09088265876,0.0009705596894208993,3091,3090,0,1.0003236245954692,0.002476980007486418,0.08444444444444445,0.0
Load-Aware WRR,9,4,28.4676407382121,0.5179335307666996,33469.59015844275,0.0006581112207963146,3039,3038,0,1.000329163923634,0.0024965325719676907,0.08333333333333333,0.0
Load-Aware WRR,9,5,26.007789671140117,0.4887640449438202,33458.08682671276,0.0006609385327164573,3026,3025,0,1.0003305785123966,0.0025157624299431015,0.09388888888888888,0.0
Load-Aware WRR,9,6,28.212481877229866,0.48171334431630974,33449.99545481614,0.0006589785831960461,3035,3035,0,1.0,0.0024985142291471772,0.08527777777777777,0.0
Load-Aware WRR,9,7,27.68632441299118,0.4959866220735786,33455.21712891058,0.0,2990,2989,0,1.0003345600535296,0.002474005823993745,0.08,0.0
Load-Aware WRR,9,8,26.990533741450726,0.48272425249169437,33446.791587043605,0.0,3010,3009,0,1.0003323363243604,0.0024939057087370506,0.08305555555555555,0.0
Load-Aware WRR,9,9,27.251673651153805,0.5146218487394958,33462.06694953082,0.0003361344537815126,2975,2975,0,1.0,0.0025117684805688136,0.08416666666666667,0.0
IPPO,0,0,10.053314067264823,0.5041736227045075,33456.72406963642,0.000333889816360601,2995,2994,0,1.0003340013360054,0.0021640829703149698,0.07555555555555556,0.005277777777777778
IPPO,0,1,20.186703076407024,0.49833666001330673,33450.45063587096,0.00033266799733865603,3006,3008,0,0.9993351063829787,0.002170812304636153,0.07277777777777777,0.008888888888888889
IPPO,0,2,18.202926199007305,0.5381016042780749,33471.52914315163,0.001002673796791444,2992,2994,0,0.9993319973279893,0.0021650076927875895,0.07444444444444444,0.0075
IPPO,0,3,19.348828657258586,0.5155541153596889,33483.4524417484,0.0006480881399870382,3086,3087,0,0.9996760609005507,0.0021669180989394793,0.08083333333333333,0.008611111111111111
IPPO,0,4,22.795130305425047,0.5203478260869565,33445.69721392121,0.0,2875,2875,0,1.0,0.0021672905115540037,0.07111111111111111,0.010833333333333334
IPPO,0,5,18.1428088191524,0.5196013289036545,33467.52203753154,0.0003322259136212625,3010,3009,0,1.0003323363243604,0.002169680754175513,0.07972222222222222,0.0077777777777777776
IPPO,0,6,21.1308909317579,0.4919127988748242,33426.568145668265,0.00035161744022503517,2844,2844,0,1.0,0.0021700958782781125,0.06833333333333333,0.008055555555555555
IPPO,0,7,18.283903803994374,0.5061855670103093,33454.21996215425,0.0,2910,2909,0,1.0003437607425232,0.0021651371401579427,0.0763888888888889,0.006111111111111111
IPPO,0,8,18.594618504808306,0.5009940357852882,33454.82030628315,0.0009940357852882703,3018,3017,0,1.0003314550878355,0.0021654200843638847,0.0775,0.011111111111111112
IPPO,0,9,19.263332424102536,0.4977079240340537,33468.38873687736,0.0013097576948264572,3054,3053,0,1.0003275466754011,0.0021727337589254603,0.08055555555555556,0.007222222222222222
IPPO,1,0,14.811314299293846,0.5292570677186061,33484.024885217616,0.0006574621959237344,3042,3042,0,1.0,0.002171947480140564,0.0825,0.009166666666666667
IPPO,1,1,20.766401976568456,0.5096345514950166,33456.041490387644,0.0,3010,3010,0,1.0,0.002168996177109269,0.06805555555555555,0.010277777777777778
IPPO,1,2,23.557597622811198,0.4909274193548387,33440.23279636546,0.0010080645161290322,2976,2974,0,1.0006724949562877,0.00216768216018358,0.07388888888888889,0.006388888888888889
IPPO,1,3,20.086085122396376,0.47373771602846493,33433.20340776232,0.00033886818027787193,2951,2949,0,1.0006781959986437,0.0021718158548335647,0.07083333333333333,0.008333333333333333
IPPO,1,4,15.70755852912592,0.5095772787318362,33466.772150781806,0.0009907529722589167,3028,3027,0,1.0003303600925009,0.002172581508703944,0.07777777777777778,0.010555555555555556
IPPO,1,5,18.82349752948675,0.5018437814280925,33456.75858502548,0.0006704659738518271,2983,2980,0,1.001006711409396,0.0021762536618755096,0.07555555555555556,0.005833333333333334
IPPO,1,6,17.137692806718974,0.5340760157273918,33487.64163490375,0.000655307994757536,3052,3051,0,1.0003277613897084,0.002172297885408625,0.08166666666666667,0.011111111111111112
IPPO,1,7,14.267021791941804,0.5203145478374837,33470.514346691154,0.001310615989515072,3052,3051,0,1.0003277613897084,0.0021714874278081376,0.07833333333333334,0.008888888888888889
IPPO,1,8,19.725227387825047,0.4921104536489152,33455.37709860329,0.0,3042,3040,0,1.000657894736842,0.002171712662352042,0.07555555555555556,0.008888888888888889
IPPO,1,9,20.249514001409658,0.5111329404060249,33472.11214159052,0.0006548788474132286,3054,3055,0,0.9996726677577742,0.0021711560742308698,0.07111111111111111,0.008888888888888889
IPPO,2,0,20.78028088239157,0.4904201680672269,33448.44030559724,0.0013445378151260505,2975,2975,0,1.0,0.002156552923325863,0.07194444444444445,0.0075
IPPO,2,1,21.022830866250292,0.492573402417962,33442.72116665697,0.001381692573402418,2895,2895,0,1.0,0.002156680504817309,0.07722222222222222,0.008333333333333333
IPPO,2,2,15.413206210383898,0.49292064537372404,33456.23334305402,0.0009878169245966415,3037,3036,0,1.0003293807641633,0.0021616252342937514,0.07555555555555556,0.010833333333333334
IPPO,2,3,20.541466091140386,0.493003579563944,33461.447224022086,0.0,3073,3073,0,1.0,0.002164570980110309,0.07694444444444444,0.007222222222222222
IPPO,2,4,24.59960644299762,0.47113470471134705,33441.92137665256,0.0013271400132714001,3014,3014,0,1.0,0.0021648620830900553,0.07027777777777777,0.008055555555555555
IPPO,2,5,20.84156416273746,0.4852374839537869,33468.10190081102,0.00032092426187419767,3116,3115,0,1.0003210272873195,0.002161679137821516,0.0775,0.008611111111111111
IPPO,2,6,21.187999480979947,0.5054838709677419,33472.272036703645,0.0003225806451612903,3100,3099,0,1.000322684737012,0.0021608696228617597,0.075,0.010555555555555556
IPPO,2,7,16.62965049836979,0.5162171389552749,33452.51040867153,0.0003414134516899966,2929,2929,0,1.0,0.0021594979932868024,0.075,0.006666666666666667
IPPO,2,8,23.016592613041404,0.489851150202977,33442.73983035476,0.0,2956,2957,0,0.9996618194115657,0.002157831425493997,0.07055555555555555,0.009444444444444445
IPPO,2,9,19.857546069669265,0.49194587628865977,33464.30018512786,0.0006443298969072165,3104,3104,0,1.0,0.002164979169416862,0.07833333333333334,0.01
IPPO,3,0,19.940527038210597,0.4944189100459619,33467.66999149898,0.00032829940906106366,3046,3045,0,1.000328407224959,0.00216929031497178,0.08194444444444444,0.01
IPPO,3,1,17.149874331165524,0.5507487520798668,33482.95802537914,0.0006655574043261231,3005,3005,0,1.0,0.0021718839820500254,0.08277777777777778,0.011944444444444445
IPPO,3,2,18.440320969242972,0.5226811103588355,33456.98463184071,0.0006770480704129993,2954,2954,0,1.0,0.002170027395348168,0.07111111111111111,0.0125
IPPO,3,3,19.043047832757118,0.509421265141319,33453.1032123171,0.0006729475100942127,2972,2972,0,1.0,0.002170186818047013,0.07111111111111111,0.011666666666666667
IPPO,3,4,19.224408044052222,0.5203440291101554,33473.32076248999,0.0,3023,3023,0,1.0,0.0021641753911454645,0.07722222222222222,0.0075
IPPO,3,5,12.613317819791307,0.5159128978224455,33472.749395340536,0.00033500837520938025,2985,2984,0,1.0003351206434317,0.0021654056407795805,0.08305555555555555,0.009722222222222222
IPPO,3,6,21.069646893118854,0.4944686557157224,33439.41679960136,0.00033523298692591353,2983,2983,0,1.0,0.0021676300109700402,0.07055555555555555,0.005833333333333334
IPPO,3,7,23.557499133803418,0.5388365290867728,33486.943070140645,0.0,3077,3078,0,0.9996751137102015,0.0021717729978263382,0.07527777777777778,0.01
IPPO,3,8,17.732219407555355,0.5128465179175118,33453.665330863674,0.0016903313049357674,2958,2957,0,1.0003381805884342,0.0021778526279376815,0.07416666666666667,0.006666666666666667
IPPO,3,9,21.46214260426175,0.5052703162189731,33455.647610419765,0.00034002040122407346,2941,2940,0,1.0003401360544217,0.0021726419056196595,0.07583333333333334,0.011944444444444445
IPPO,4,0,17.025249645267053,0.517700552127314,33480.953385099914,0.0003247807729782397,3079,3079,0,1.0,0.0021653484501358536,0.07888888888888888,0.008611111111111111
IPPO,4,1,23.656277729984563,0.49586776859504134,33451.92275680654,0.00033057851239669424,3025,3026,0,0.9996695307336417,0.0021587810915661976,0.07166666666666667,0.01
IPPO,4,2,18.58944239368434,0.491353001017294,33448.40903655234,0.0006781959986436081,2949,2949,0,1.0,0.002162768258131109,0.08083333333333333,0.009444444444444445
IPPO,4,3,16.805227620490456,0.5011693952555963,33451.09892081694,0.0006682258603407952,2993,2991,0,1.000668672684721,0.0021647277608281,0.07361111111111111,0.0075
IPPO,4,4,18.88472286913735,0.49763673193787983,33451.0207174879,0.0006752194463200541,2962,2960,0,1.0006756756756756,0.002159356401534751,0.07,0.008333333333333333
IPPO,4,5,19.51355688485083,0.49851827461310505,33462.48991667171,0.00032927230819888045,3037,3036,0,1.0003293807641633,0.0021624549553962424,0.07777777777777778,0.009444444444444445
IPPO,4,6,15.17258144959515,0.4893975092561427,33451.37720762043,0.0006731740154830024,2971,2969,0,1.0006736274840013,0.002162117046989604,0.07888888888888888,0.008611111111111111
IPPO,4,7,19.064270640589164,0.5078659370725034,33449.35500438844,0.0003419972640218878,2924,2922,0,1.000684462696783,0.0021620284727153676,0.07388888888888889,0.006944444444444444
IPPO,4,8,19.72277656544473,0.472646958885491,33431.547734390326,0.0,2943,2944,0,0.9996603260869565,0.00216204615490925,0.06833333333333333,0.008888888888888889
IPPO,4,9,21.018036242642054,0.5035737491877843,33479.58573490664,0.001299545159194282,3078,3075,0,1.0009756097560976,0.002160568823455833,0.08027777777777778,0.009444444444444445
IPPO,5,0,23.494355639364773,0.5120928732666882,33484.32208687386,0.0,3101,3101,0,1.0,0.0021583455010032696,0.08083333333333333,0.005555555555555556
IPPO,5,1,21.997194257517066,0.48062792251169006,33452.677570393294,0.00033400133600534405,2994,2995,0,0.9996661101836394,0.0021632750269620572,0.07555555555555556,0.006388888888888889
IPPO,5,2,20.415514083171203,0.5013559322033898,33456.63664402631,0.001016949152542373,2950,2950,0,1.0,0.0021654306264180276,0.07555555555555556,0.009722222222222222
IPPO,5,3,19.41733524181756,0.500659195781147,33455.81649331203,0.0006591957811470006,3034,3033,0,1.0003297065611605,0.0021676656486104345,0.06527777777777778,0.009166666666666667
IPPO,5,4,17.16052034654247,0.5135135135135135,33465.61879070191,0.000988793671720501,3034,3034,0,1.0,0.0021653399437329625,0.08138888888888889,0.009166666666666667
IPPO,5,5,18.70334267769967,0.5283711615487316,33479.34429148209,0.0,2996,2994,0,1.0006680026720107,0.0021635730679716086,0.08,0.01
IPPO,5,6,16.70202393391629,0.49206349206349204,33433.81546010034,0.0010351966873706005,2898,2898,0,1.0,0.0021624559400758394,0.06833333333333333,0.0077777777777777776
IPPO,5,7,21.16005962687262,0.5452459016393443,33493.62760082027,0.0003278688524590164,3050,3050,0,1.0,0.0021647012504723132,0.08138888888888889,0.010277777777777778
IPPO,5,8,16.727004875774394,0.49586492074431426,33439.80133573599,0.0006891798759476223,2902,2904,0,0.9993112947658402,0.0021591197243348388,0.07055555555555555,0.009722222222222222
IPPO,5,9,21.498582959147107,0.4910394265232975,33469.34021786532,0.0006516780710329097,3069,3069,0,1.0,0.0021610436734691672,0.08,0.010555555555555556
IPPO,6,0,20.02027667180188,0.5179335307666996,33466.86434440442,0.0003290556103981573,3039,3039,0,1.0,0.002166720926955653,0.07027777777777777,0.0077777777777777776
IPPO,6,1,21.640457798474127,0.5041095890410959,33443.64954029191,0.0006849315068493151,2920,2920,0,1.0,0.0021603883845576397,0.06916666666666667,0.01
IPPO,6,2,21.592159800362545,0.49466437177280553,33435.0759282272,0.0,2905,2904,0,1.0003443526170799,0.0021600222308835425,0.06972222222222223,0.006944444444444444
IPPO,6,3,20.243576770436125,0.4718554551772064,33429.27459291651,0.0,2878,2877,0,1.0003475842891902,0.00215608368065053,0.07666666666666666,0.006111111111111111
IPPO,6,4,18.83616686497194,0.49965156794425086,33435.220645273155,0.0010452961672473868,2870,2869,0,1.0003485535029628,0.0021574562059767134,0.0675,0.010277777777777778
IPPO,6,5,17.144852830344398,0.49654036243822075,33462.342264529456,0.0006589785831960461,3035,3035,0,1.0,0.0021575633452610215,0.07416666666666667,0.006944444444444444
IPPO,6,6,24.030550439523363,0.4953580901856764,33452.27828979054,0.0003315649867374005,3016,3014,0,1.0006635700066357,0.0021574594898589165,0.0763888888888889,0.006111111111111111
IPPO,6,7,20.517263700347762,0.527063599458728,33463.24797878578,0.0006765899864682003,2956,2955,0,1.0003384094754653,0.0021632373827742413,0.07555555555555556,0.006944444444444444
IPPO,6,8,20.264318672715245,0.5284799460734749,33462.51504791812,0.0016852039096730705,2967,2967,0,1.0,0.0021664347069519055,0.07666666666666666,0.0077777777777777776
IPPO,6,9,19.751904373160656,0.4682618810235959,33445.2071857628,0.0006646726487205051,3009,3008,0,1.0003324468085106,0.002166333572757948,0.07777777777777778,0.0077777777777777776
IPPO,7,0,13.420937202734857,0.4998350379412735,33465.172508948206,0.0003299241174529858,3031,3030,0,1.0003300330033003,0.0021787547755391444,0.08555555555555555,0.008611111111111111
IPPO,7,1,20.02880606814656,0.5332878115397747,33464.560581922844,0.0006828269033799932,2929,2930,0,0.9996587030716724,0.0021742134494060236,0.08138888888888889,0.008055555555555555
IPPO,7,2,15.08847087066874,0.46282051282051284,33453.309763690595,0.0003205128205128205,3120,3121,0,0.99967958987504,0.0021714940861177947,0.0763888888888889,0.008055555555555555
IPPO,7,3,21.392642279554394,0.48879506333225076,33462.57590888966,0.001948684637869438,3079,3079,0,1.0,0.002173612802936178,0.06805555555555555,0.0077777777777777776
IPPO,7,4,19.417425851629215,0.4919104991394148,33444.35635240304,0.0006884681583476765,2905,2905,0,1.0,0.00217364673961937,0.08027777777777778,0.0077777777777777776
IPPO,7,5,19.294539747520464,0.488860187278011,33464.4486966149,0.00032289312237649337,3097,3099,0,0.9993546305259762,0.0021714279201761307,0.07944444444444444,0.010277777777777778
IPPO,7,6,23.038368239639087,0.496,33431.0746941225,0.0006956521739130435,2875,2875,0,1.0,0.002170280715088463,0.06555555555555556,0.006111111111111111
IPPO,7,7,19.4521895164727,0.5146333442946399,33474.079115488836,0.0,3041,3041,0,1.0,0.0021715442724396577,0.08166666666666667,0.006666666666666667
IPPO,7,8,17.425740771324573,0.5192437542201216,33461.31561621647,0.00033760972316002703,2962,2960,0,1.0006756756756756,0.0021698595050515398,0.08,0.006666666666666667
IPPO,7,9,18.494088652592488,0.4928385416666667,33460.583319228106,0.0013020833333333333,3072,3072,0,1.0,0.0021644087149373568,0.07277777777777777,0.008888888888888889
IPPO,8,0,19.51997007513915,0.5392927308447937,33482.41774055657,0.0013097576948264572,3054,3052,0,1.0006553079947575,0.002165653345097477,0.07972222222222222,0.0075
IPPO,8,1,18.6378946141897,0.47197346600331674,33449.91581417571,0.0009950248756218905,3015,3016,0,0.9996684350132626,0.002166836428740579,0.07222222222222222,0.008333333333333333
IPPO,8,2,17.056755616909648,0.5071283095723014,33451.77976898414,0.0006788866259334691,2946,2946,0,1.0,0.002160071574811203,0.07,0.0075
IPPO,8,3,19.023508336505216,0.503955174686882,33468.30401020776,0.0,3034,3032,0,1.0006596306068603,0.0021625830154840112,0.08138888888888889,0.011944444444444445
IPPO,8,4,16.89349053145827,0.5139940730984525,33478.94031569381,0.0,3037,3037,0,1.0,0.002167422675281867,0.07805555555555556,0.009166666666666667
IPPO,8,5,21.185032276616294,0.5099836333878887,33467.355814677496,0.0003273322422258593,3055,3053,0,1.0006550933508025,0.0021651927139222002,0.07111111111111111,0.0075
IPPO,8,6,19.698546144852425,0.48562834224598933,33448.38290544468,0.001002673796791444,2992,2993,0,0.9996658870698296,0.002170165958684972,0.07583333333333334,0.006666666666666667
IPPO,8,7,20.466515923034148,0.5189829327760362,33437.007981276045,0.0013932427725531174,2871,2871,0,1.0,0.002167907342987342,0.06944444444444445,0.005555555555555556
IPPO,8,8,23.553719030774694,0.535538814281035,33484.462262931396,0.0013101867016049786,3053,3053,0,1.0,0.002171158493082557,0.07861111111111112,0.008055555555555555
IPPO,8,9,18.671592511086274,0.518360655737705,33469.25245110041,0.0009836065573770492,3050,3050,0,1.0,0.002170969028763163,0.07388888888888889,0.008055555555555555
IPPO,9,0,21.449006726181103,0.5057666214382632,33441.82980368608,0.0,2948,2949,0,0.9996609020006781,0.00216271750751831,0.07,0.007222222222222222
IPPO,9,1,20.220896608628784,0.49096488237299696,33441.588957928114,0.00034094783498124785,2933,2934,0,0.9996591683708248,0.0021618949136205227,0.08,0.0044444444444444444
IPPO,9,2,20.26790918180558,0.5091277890466531,33457.77029071303,0.0003380662609871535,2958,2960,0,0.9993243243243243,0.0021694691887306464,0.07666666666666666,0.009722222222222222
IPPO,9,3,19.89267917944941,0.47816240698802975,33457.33826411347,0.0006470397929472663,3091,3090,0,1.0003236245954692,0.002168810472034642,0.07722222222222222,0.008333333333333333
IPPO,9,4,21.82061095699321,0.5179335307666996,33468.50729786852,0.0006581112207963146,3039,3038,0,1.000329163923634,0.0021665538645013133,0.07416666666666667,0.009166666666666667
IPPO,9,5,18.011490758942454,0.48810310641110377,33456.99911846681,0.0006609385327164573,3026,3025,0,1.0003305785123966,0.0021630585656061563,0.08333333333333333,0.008888888888888889
IPPO,9,6,16.4199800588137,0.4813838550247117,33451.03132842753,0.00032948929159802305,3035,3035,0,1.0,0.002164191099129514,0.07611111111111112,0.008888888888888889
IPPO,9,7,20.383121686677523,0.4953177257525084,33455.1554472002,0.0,2990,2989,0,1.0003345600535296,0.0021643640518757617,0.07111111111111111,0.009166666666666667
IPPO,9,8,16.1030856293822,0.4840531561461794,33448.46848164821,0.000664451827242525,3010,3009,0,1.0003323363243604,0.0021711416565166368,0.07444444444444444,0.007222222222222222
IPPO,9,9,19.326604932375357,0.5146218487394958,33460.73832122536,0.0003361344537815126,2975,2975,0,1.0,0.0021687495949057243,0.07722222222222222,0.006666666666666667
QMIX-inspired,0,0,-482.57078676324323,0.4984812689841377,33438.710693508954,0.0003374957813027337,2963,2994,32,0.9896459585838343,0.026284050217428658,6.109444444444445,0.09166666666666666
QMIX-inspired,0,1,-521.4702865446244,0.4946164199192463,33451.84748769333,0.0,2972,3008,34,0.988031914893617,0.026288217861696866,6.950277777777778,0.08305555555555555
QMIX-inspired,0,2,-831.7772345519388,0.527223537368955,33471.66074246264,0.0010145417653026716,2957,2994,35,0.9876419505678022,0.026356077242073495,7.721388888888889,0.08666666666666667
QMIX-inspired,0,3,-630.9481808441474,0.5086743044189853,33479.24013446494,0.0006546644844517185,3055,3087,31,0.9896339488176222,0.02636439049092587,7.120277777777778,0.08722222222222223
QMIX-inspired,0,4,-430.3947847590243,0.5188181498417165,33488.439312917,0.00035174111853675694,2843,2875,32,0.9888695652173913,0.026232671938487325,6.821666666666666,0.08583333333333333
QMIX-inspired,0,5,-775.8203390398916,0.5150905432595574,33459.10742364618,0.0006706908115358819,2982,3009,28,0.9910269192422732,0.0262890753413861,7.0472222222222225,0.0875
QMIX-inspired,0,6,-580.3994499198117,0.4862940548237807,33435.78356715666,0.000711997152011392,2809,2844,35,0.9876933895921237,0.026255048887429033,8.068888888888889,0.09
QMIX-inspired,0,7,-498.03174679085623,0.5005221023320571,33445.083824072506,0.0003480682213713888,2873,2909,37,0.9876246132691646,0.026303814239023875,6.827222222222222,0.08416666666666667
QMIX-inspired,0,8,-662.0953777552243,0.4983221476510067,33480.82677383977,0.0003355704697986577,2980,3017,38,0.9877361617500828,0.026297889277985737,7.2186111111111115,0.09166666666666666
QMIX-inspired,0,9,-563.123900673586,0.4933818663136995,33492.10355607137,0.0013236267372600927,3022,3053,32,0.9898460530625615,0.026313219355264057,7.241666666666666,0.07805555555555556
QMIX-inspired,1,0,-528.979947235665,0.5217535702424444,33504.06835242342,0.0,3011,3042,31,0.9898093359631821,0.02621221919414691,7.994722222222222,0.09083333333333334
QMIX-inspired,1,1,-584.911086673398,0.503032345013477,33468.242566603396,0.00033692722371967657,2968,3010,42,0.986046511627907,0.026255556500271067,6.9944444444444445,0.08583333333333333
QMIX-inspired,1,2,-584.1366836948279,0.48467302452316074,33445.35523325622,0.0010217983651226157,2936,2974,40,0.9872225958305313,0.026236535948959902,7.023333333333333,0.07527777777777778
QMIX-inspired,1,3,-754.6111916569926,0.4652516261554262,33443.33030399029,0.0,2921,2949,30,0.9905052560189895,0.026319539884247612,7.508055555555556,0.08527777777777777
QMIX-inspired,1,4,-511.75233596474186,0.5061810892081523,33483.229718415416,0.0,2993,3027,35,0.9887677568549719,0.02628163420498216,7.844722222222222,0.08138888888888889
QMIX-inspired,1,5,-768.4445300169857,0.4952638700947226,33462.30488406196,0.00033829499323410016,2956,2980,27,0.9919463087248322,0.02622900040619748,7.756944444444445,0.08222222222222222
QMIX-inspired,1,6,-406.92877044343106,0.5286329030122476,33481.82653066265,0.00033101621979476995,3021,3051,31,0.9901671583087512,0.026314070500019524,6.588888888888889,0.08194444444444444
QMIX-inspired,1,7,-588.3060871803797,0.5190334326381992,33510.160345681725,0.0026481297583581596,3021,3051,31,0.9901671583087512,0.02623092519934289,7.101944444444444,0.07722222222222222
QMIX-inspired,1,8,-661.570900198369,0.487017310252996,33472.26333988767,0.0006657789613848203,3004,3040,38,0.9881578947368421,0.026234969639012378,7.314166666666667,0.09472222222222222
QMIX-inspired,1,9,-605.9890753141137,0.505940594059406,33481.958429775164,0.0006600660066006601,3030,3055,24,0.9918166939443536,0.026213429557780426,7.278333333333333,0.07722222222222222
QMIX-inspired,2,0,-553.6723426880812,0.4876145232439769,33449.28226160191,0.0006786562606040041,2947,2975,28,0.9905882352941177,0.02623279540502052,6.918611111111111,0.08416666666666667
QMIX-inspired,2,1,-486.05212625500957,0.4881367759944173,33482.864654532386,0.0013956734124214933,2866,2895,29,0.9899827288428324,0.02626066626301811,7.228888888888889,0.08444444444444445
QMIX-inspired,2,2,-726.8016946328934,0.48967355096602266,33457.45666325993,0.000999333777481679,3002,3036,35,0.9888010540184453,0.02624951762684052,7.989166666666667,0.07833333333333334
QMIX-inspired,2,3,-563.2663588387611,0.48390275952693823,33478.14788282178,0.0,3044,3073,29,0.9905629677839245,0.02621976407762203,7.815277777777778,0.08694444444444445
QMIX-inspired,2,4,-423.3525151821154,0.46146112600536193,33460.65804032334,0.0003351206434316354,2984,3014,30,0.9900464499004645,0.026291262164401513,6.715,0.08305555555555555
QMIX-inspired,2,5,-604.1245135301291,0.4826242286456642,33464.573613265304,0.0003247807729782397,3079,3115,37,0.9884430176565008,0.02631958633396102,6.567777777777778,0.09416666666666666
QMIX-inspired,2,6,-586.069388743229,0.4985298921920941,33497.783970892706,0.0009800718719372753,3061,3099,39,0.9877379799935463,0.026313754721842185,7.6175,0.08722222222222223
QMIX-inspired,2,7,-975.9452496445388,0.5143847487001733,33414.68255610471,0.0020797227036395147,2885,2929,44,0.9849778081256402,0.02627623670883218,8.011111111111111,0.08888888888888889
QMIX-inspired,2,8,-792.8692297868562,0.4875298940895114,33437.033196219774,0.0006832934745473181,2927,2957,29,0.9898545823469733,0.02627277000930109,7.400555555555556,0.0825
QMIX-inspired,2,9,-454.0089381895304,0.4905598958333333,33499.895712344034,0.0003255208333333333,3072,3104,32,0.9896907216494846,0.02636443523483144,7.3469444444444445,0.07416666666666667
QMIX-inspired,3,0,-453.21762777477295,0.4892205638474295,33488.94038944858,0.0006633499170812604,3015,3045,31,0.9901477832512315,0.026329034722746454,7.298333333333333,0.08722222222222223
QMIX-inspired,3,1,-743.108934049543,0.5460060667340748,33465.428074849406,0.0003370407819346141,2967,3005,38,0.9873544093178036,0.026331369873433787,6.559722222222222,0.07777777777777778
QMIX-inspired,3,2,-642.4222233761416,0.5147159479808351,33470.608081476996,0.00034223134839151266,2922,2954,32,0.989167230873392,0.026353763207832042,7.936944444444444,0.08416666666666667
QMIX-inspired,3,3,-527.0019433165115,0.5016972165648337,33470.03354271742,0.00033944331296673454,2946,2972,26,0.9912516823687753,0.02632214144008079,7.377777777777778,0.07805555555555556
QMIX-inspired,3,4,-727.2725167909748,0.5179349648005364,33441.28103818406,0.0006704659738518271,2983,3023,40,0.9867681111478663,0.026317113457480446,7.040277777777778,0.07833333333333334
QMIX-inspired,3,5,-606.1722162543491,0.5108621860149355,33477.25780742188,0.0010183299389002036,2946,2984,39,0.9872654155495979,0.026284793037727162,7.122222222222222,0.08166666666666667
QMIX-inspired,3,6,-462.73262431707536,0.47920189381129524,33448.06835146661,0.00033818058843422386,2957,2983,26,0.9912839423399262,0.02624800966522242,6.830277777777778,0.08305555555555555
QMIX-inspired,3,7,-664.3352402699094,0.531014112241549,33493.25864184624,0.0,3047,3078,30,0.9899285250162443,0.026355816884056874,7.359444444444445,0.08277777777777778
QMIX-inspired,3,8,-402.18485490640836,0.5052991452991453,33439.531994148834,0.0003418803418803419,2925,2957,33,0.9891782211701048,0.026279239557980973,5.933333333333334,0.07861111111111112
QMIX-inspired,3,9,-611.8886703092345,0.5030927835051546,33455.18563647081,0.0010309278350515464,2910,2940,31,0.9897959183673469,0.026304331716447554,7.105277777777777,0.08277777777777778
QMIX-inspired,4,0,-435.1628311116451,0.5111475409836066,33478.87379835302,0.0009836065573770492,3050,3079,29,0.9905813575836311,0.02633273667662353,6.027777777777778,0.08722222222222223
QMIX-inspired,4,1,-748.3404494624747,0.48975478669801814,33401.241678332626,0.001007725898555593,2977,3026,48,0.9838070059484468,0.0263357976574399,7.9688888888888885,0.08194444444444444
QMIX-inspired,4,2,-565.2174037471385,0.48715313463514903,33457.56087439136,0.0,2919,2949,30,0.9898270600203459,0.026365956881717365,8.16638888888889,0.07944444444444444
QMIX-inspired,4,3,-499.7828489175385,0.5010135135135135,33479.245774421026,0.0013513513513513514,2960,2991,33,0.9896355733868272,0.026357525267586526,7.681388888888889,0.08833333333333333
QMIX-inspired,4,4,-639.5856943511283,0.4882292732855681,33442.02107888148,0.000682360968952576,2931,2960,31,0.9902027027027027,0.026373672761514574,7.352222222222222,0.0875
QMIX-inspired,4,5,-557.536660952609,0.49298597194388777,33432.08825904954,0.001002004008016032,2994,3036,43,0.9861660079051383,0.02643320548587427,7.304444444444444,0.0875
QMIX-inspired,4,6,-557.028805947301,0.4843324250681199,33442.82229659092,0.0003405994550408719,2936,2969,35,0.9888851465139777,0.02632769844300735,6.854166666666667,0.07833333333333334
QMIX-inspired,4,7,-739.5387426529,0.5041350792556857,33465.49586273541,0.0013783597518952446,2902,2922,22,0.9931553730321697,0.026305688530555926,7.7825,0.085
QMIX-inspired,4,8,-670.8983136165904,0.46877144818119426,33438.62796787747,0.00034317089910775565,2914,2944,29,0.9898097826086957,0.026336902387103896,8.070833333333333,0.07416666666666667
QMIX-inspired,4,9,-582.5791672732373,0.4991768192295028,33468.73617685694,0.0006585446163977609,3037,3075,41,0.9876422764227643,0.026458449272063773,6.517222222222222,0.08833333333333333
QMIX-inspired,5,0,-402.5676066235529,0.5091145833333334,33470.9282587656,0.0,3072,3101,29,0.9906481780070945,0.02622020021469022,4.574722222222222,0.08027777777777778
QMIX-inspired,5,1,-490.0205403226129,0.47652819993245527,33460.49889865305,0.0006754474839581223,2961,2995,33,0.9886477462437395,0.026225792444569785,8.298333333333334,0.07388888888888889
QMIX-inspired,5,2,-524.4252715810745,0.49743238616912017,33462.37684037554,0.0,2921,2950,29,0.9901694915254238,0.026222281178989865,7.195,0.08555555555555555
QMIX-inspired,5,3,-579.8823545327568,0.49733865602129074,33463.87323758438,0.0006653359946773121,3006,3033,28,0.9910979228486647,0.026168205966112308,7.590277777777778,0.07861111111111112
QMIX-inspired,5,4,-850.2231149629108,0.5073480293921175,33451.59947478377,0.00033400133600534405,2994,3034,40,0.98681608437706,0.02629073272045288,7.058055555555556,0.07805555555555556
QMIX-inspired,5,5,-564.9891173533438,0.5276839972991222,33477.21714978188,0.0013504388926401081,2962,2994,34,0.9893119572478289,0.026218081135690834,7.8372222222222225,0.08194444444444444
QMIX-inspired,5,6,-653.298037707804,0.49407665505226483,33449.608899540406,0.0013937282229965157,2870,2898,28,0.9903381642512077,0.02625616120510838,7.434444444444445,0.09111111111111111
QMIX-inspired,5,7,-549.7016599762369,0.5432548889625456,33490.165150116445,0.0006629101756711965,3017,3050,33,0.9891803278688525,0.026279304260646716,6.834444444444444,0.07805555555555556
QMIX-inspired,5,8,-687.9324788663193,0.49113660062565173,33451.61564509184,0.0013903371567605145,2877,2904,25,0.9907024793388429,0.027674734100906387,6.512222222222222,0.08416666666666667
QMIX-inspired,5,9,-676.5556091289957,0.49028006589785833,33486.65870382762,0.0009884678747940692,3035,3069,34,0.9889214727924406,0.026297822791901935,7.798333333333333,0.08666666666666667
QMIX-inspired,6,0,-391.6551912531077,0.517584605175846,33480.72695718913,0.0013271400132714001,3014,3039,25,0.991773609740046,0.02639477444689773,5.655,0.08527777777777777
QMIX-inspired,6,1,-447.72006152960057,0.49930891499654456,33465.421115849786,0.0003455425017277125,2894,2920,26,0.9910958904109589,0.026349801004269265,6.9494444444444445,0.08833333333333333
QMIX-inspired,6,2,-567.3130430634044,0.4953108718304967,33438.04357950179,0.0017367141368530739,2879,2904,26,0.9913911845730028,0.026368244547888428,7.04,0.08944444444444444
QMIX-inspired,6,3,-836.8581120589886,0.46862951279355064,33452.67765417507,0.0014020329477742728,2853,2877,25,0.9916579770594369,0.02814530994186902,8.190277777777778,0.08527777777777777
QMIX-inspired,6,4,-700.3050980198474,0.4954128440366973,33430.94309294744,0.0,2834,2869,36,0.9878006273963054,0.026257993268599324,7.860555555555556,0.07972222222222222
QMIX-inspired,6,5,-546.4421630042334,0.4913563829787234,33480.486009649714,0.0013297872340425532,3008,3035,27,0.9911037891268534,0.026276920331939537,7.857777777777778,0.08555555555555555
QMIX-inspired,6,6,-532.095412399979,0.4900973481033904,33441.262383666726,0.0003356831151393085,2979,3014,37,0.9883875248838753,0.0263544589041784,7.058333333333334,0.08083333333333333
QMIX-inspired,6,7,-527.1991371902352,0.5198902606310014,33479.53718241495,0.0006858710562414266,2916,2955,40,0.9868020304568528,0.026437568541344564,6.716944444444445,0.08444444444444445
QMIX-inspired,6,8,-585.6347503344487,0.518531111866712,33464.99587607359,0.00034002040122407346,2941,2967,26,0.9912369396697001,0.02632314548504332,7.3261111111111115,0.08722222222222223
QMIX-inspired,6,9,-478.0001041407827,0.46210596914822266,33445.34861508326,0.0006706908115358819,2982,3008,27,0.9913563829787234,0.026407420947281126,6.2347222222222225,0.08333333333333333
QMIX-inspired,7,0,-375.9393379754817,0.49534883720930234,33474.389393903184,0.0009966777408637873,3010,3030,21,0.9933993399339934,0.026313641689032212,7.203055555555555,0.07555555555555556
QMIX-inspired,7,1,-430.53416521540646,0.5210055096418733,33495.48005482483,0.0006887052341597796,2904,2930,25,0.9911262798634812,0.0263734242600751,7.006666666666667,0.08527777777777777
QMIX-inspired,7,2,-337.6918040417191,0.46047111971603744,33475.25339142241,0.0,3099,3121,21,0.9929509772508811,0.026345136620673452,6.35,0.08611111111111111
QMIX-inspired,7,3,-544.2076844953898,0.48619329388560156,33457.610579912594,0.0006574621959237344,3042,3079,37,0.9879831113998051,0.026397866437845453,6.6775,0.07805555555555556
QMIX-inspired,7,4,-544.3315768446391,0.4892136395267919,33472.656124697634,0.0003479471120389701,2874,2905,31,0.9893287435456111,0.026438741833165597,7.4925,0.07777777777777778
QMIX-inspired,7,5,-499.121005467949,0.4905104712041885,33485.00505959024,0.0013089005235602095,3056,3099,41,0.9861245563084866,0.02631135864713643,6.9991666666666665,0.08138888888888889
QMIX-inspired,7,6,-501.140412419227,0.48870853916725476,33437.18497624947,0.0007057163020465773,2834,2875,41,0.9857391304347826,0.026315552547910355,6.3502777777777775,0.08916666666666667
QMIX-inspired,7,7,-806.6249645723076,0.5064891846921797,33464.98312212972,0.0013311148086522463,3005,3041,36,0.9881617888852351,0.026348718666769046,7.546944444444445,0.0961111111111111
QMIX-inspired,7,8,-508.87320611744195,0.5194009530292716,33477.18254075801,0.0006807351940095302,2938,2960,24,0.9925675675675676,0.02631011850543372,8.133611111111112,0.08388888888888889
QMIX-inspired,7,9,-797.1815132649185,0.49160355614092854,33471.10313731854,0.0009878169245966415,3037,3072,36,0.9886067708333334,0.02632102616997953,8.0925,0.0763888888888889
QMIX-inspired,8,0,-479.4913316433338,0.536021150033047,33497.09646752298,0.00033046926635822867,3026,3052,28,0.991480996068152,0.026368917729188174,7.685277777777777,0.08527777777777777
QMIX-inspired,8,1,-575.5732561011943,0.46135752688172044,33448.84791969827,0.0,2976,3016,39,0.986737400530504,0.02632126453196785,6.6691666666666665,0.09527777777777778
QMIX-inspired,8,2,-804.030240480718,0.5060199518403853,33459.996136090864,0.0003439972480220158,2907,2946,39,0.9867617107942973,0.02632871581590734,7.654166666666667,0.07416666666666667
QMIX-inspired,8,3,-517.8813698846194,0.4950033311125916,33482.16791086203,0.00033311125916055963,3002,3032,32,0.9901055408970977,0.026350320709752854,7.3197222222222225,0.07972222222222222
QMIX-inspired,8,4,-1035.024642372838,0.511325782811459,33434.4774724014,0.0016655562958027982,3002,3037,35,0.9884754692130392,0.026436230246973638,7.113611111111111,0.08027777777777778
QMIX-inspired,8,5,-535.2766174352159,0.5,33486.36115963464,0.00033025099075297226,3028,3053,27,0.9918113331149688,0.02638943156246872,7.311388888888889,0.07555555555555556
QMIX-inspired,8,6,-379.45248574087674,0.47654404319946003,33458.882714596286,0.0,2963,2993,29,0.9899766120948881,0.026346950473250925,6.024444444444445,0.0825
QMIX-inspired,8,7,-441.99999875467563,0.5052779732582688,33464.09976769495,0.0,2842,2871,29,0.98989898989899,0.026380054924326636,7.384444444444444,0.09194444444444444
QMIX-inspired,8,8,-543.2121677338802,0.5343915343915344,33532.83578815844,0.0006613756613756613,3024,3053,29,0.990501146413364,0.02634517356475246,7.885555555555555,0.08555555555555555
QMIX-inspired,8,9,-527.3281157323091,0.5129396151293961,33465.846562550156,0.0006635700066357001,3014,3050,36,0.9881967213114754,0.026401318380117625,7.291111111111111,0.08027777777777778
QMIX-inspired,9,0,-471.20443859208956,0.5030864197530864,33467.793724687515,0.0006858710562414266,2916,2949,32,0.9888097660223805,0.02631903107168101,8.037222222222223,0.08444444444444445
QMIX-inspired,9,1,-390.8932884555352,0.48605851979345954,33419.14039574234,0.00034423407917383823,2905,2934,28,0.9901158827539196,0.026280120959401958,6.385833333333333,0.08444444444444445
QMIX-inspired,9,2,-477.54934473540226,0.5047683923705722,33468.36181272623,0.0006811989100817438,2936,2960,22,0.9918918918918919,0.02629123976900397,7.406944444444444,0.08527777777777777
QMIX-inspired,9,3,-721.3598076963095,0.46657929226736566,33480.07253805014,0.000655307994757536,3052,3090,39,0.9877022653721683,0.026275613579653308,7.829444444444444,0.08583333333333333
QMIX-inspired,9,4,-704.3629302582386,0.5153129161118508,33484.25520438371,0.0019973368841544607,3004,3038,35,0.9888084265964451,0.026318211029219028,7.753888888888889,0.08722222222222223
QMIX-inspired,9,5,-421.0239054609018,0.48016005335111706,33491.24072542184,0.00033344448149383126,2999,3025,27,0.991404958677686,0.02635878245443261,7.480277777777777,0.08527777777777777
QMIX-inspired,9,6,-517.4974783184022,0.4696666666666667,33461.302144383946,0.0003333333333333333,3000,3035,35,0.9884678747940692,0.02632107356071679,7.121944444444445,0.08055555555555556
QMIX-inspired,9,7,-528.4956683216723,0.4847767253044655,33469.01110510042,0.0,2956,2989,34,0.9889595182335229,0.02654181174390639,7.4494444444444445,0.09583333333333334
QMIX-inspired,9,8,-460.14305393418346,0.4797319932998325,33466.705581606526,0.0,2985,3009,25,0.9920239282153539,0.026361960869204875,7.632777777777778,0.07944444444444444
QMIX-inspired,9,9,-691.2483836027692,0.5105513955071477,33452.136797433646,0.0003403675970047651,2938,2975,37,0.987563025210084,0.026314008785347037,8.108333333333333,0.08083333333333333
CommNet-inspired,0,0,29.289218254289533,0.5048414023372287,33456.37941849145,0.000667779632721202,2995,2994,0,1.0003340013360054,0.012690083278963963,0.005,0.0
CommNet-inspired,0,1,31.05325368988998,0.499001996007984,33451.61380357941,0.0006653359946773121,3006,3008,0,0.9993351063829787,0.012655390575269444,0.0044444444444444444,0.0
CommNet-inspired,0,2,30.72136850531186,0.5391042780748663,33475.11836691328,0.001002673796791444,2992,2994,0,0.9993319973279893,0.013406830746033747,0.005555555555555556,0.0
CommNet-inspired,0,3,31.111112950660313,0.5158781594296824,33483.44685824241,0.0006480881399870382,3086,3087,0,0.9996760609005507,0.012807703025626123,0.006388888888888889,0.0
CommNet-inspired,0,4,28.995996955212746,0.5224347826086957,33446.99047990056,0.0,2875,2875,0,1.0,0.01262444202762304,0.0030555555555555557,0.0
CommNet-inspired,0,5,30.280807583752416,0.5196013289036545,33467.52203753154,0.0003322259136212625,3010,3009,0,1.0003323363243604,0.012606680086011896,0.0038888888888888888,0.0
CommNet-inspired,0,6,28.66852328209207,0.4919127988748242,33426.568145668265,0.00035161744022503517,2844,2844,0,1.0,0.012588877589829888,0.0030555555555555557,0.0
CommNet-inspired,0,7,29.53562906813465,0.5061855670103093,33454.21996215425,0.0,2910,2909,0,1.0003437607425232,0.01267868008128264,0.0030555555555555557,0.0
CommNet-inspired,0,8,30.891506087338758,0.501325381047051,33456.18442302361,0.0009940357852882703,3018,3017,0,1.0003314550878355,0.012679009404059293,0.0038888888888888888,0.0
CommNet-inspired,0,9,30.601060665922475,0.49836280288146695,33468.878944308264,0.0013097576948264572,3054,3053,0,1.0003275466754011,0.012594901439216401,0.002777777777777778,0.0
CommNet-inspired,1,0,30.428307611326666,0.5289283366206443,33486.439928839,0.0009861932938856016,3042,3042,0,1.0,0.012430212256731465,0.0044444444444444444,0.0
CommNet-inspired,1,1,29.951623393408397,0.5109634551495017,33460.12459820467,0.0003322259136212625,3010,3010,0,1.0,0.012357061455582475,0.003611111111111111,0.0
CommNet-inspired,1,2,29.613892377460687,0.4915994623655914,33441.236390919206,0.0013440860215053765,2976,2974,0,1.0006724949562877,0.012403408437320549,0.005833333333333334,0.0
CommNet-inspired,1,3,29.01008103383934,0.47373771602846493,33434.272101780916,0.0,2951,2949,0,1.0006781959986437,0.012358505597351016,0.0038888888888888888,0.0
CommNet-inspired,1,4,30.45486765682085,0.5099075297225891,33467.735042395594,0.00033025099075297226,3028,3027,0,1.0003303600925009,0.012386479891978927,0.006111111111111111,0.0
CommNet-inspired,1,5,30.182876000174492,0.5028494803888702,33456.99279275824,0.0010056989607777405,2983,2980,0,1.001006711409396,0.012335204284883931,0.0033333333333333335,0.0
CommNet-inspired,1,6,30.831528298074375,0.5353866317169069,33485.01305979677,0.000655307994757536,3052,3051,0,1.0003277613897084,0.012358232918712827,0.005,0.0
CommNet-inspired,1,7,31.115618887492932,0.5209698558322412,33468.53643134015,0.00163826998689384,3052,3051,0,1.0003277613897084,0.01232787598564755,0.0038888888888888888,0.0
CommNet-inspired,1,8,30.354221353934246,0.49375410913872453,33458.67782728444,0.0009861932938856016,3042,3040,0,1.000657894736842,0.01245207997595167,0.003611111111111111,0.0
CommNet-inspired,1,9,30.689985987901398,0.5104780615586116,33475.06315360544,0.0,3054,3055,0,0.9996726677577742,0.012361956179827556,0.0038888888888888888,0.0
CommNet-inspired,2,0,28.79866845908394,0.4904201680672269,33447.68042569718,0.0013445378151260505,2975,2975,0,1.0,0.012451095403068595,0.005277777777777778,0.0
CommNet-inspired,2,1,29.046875533780995,0.490846286701209,33440.810021726014,0.0,2895,2895,0,1.0,0.01251560140776241,0.0038888888888888888,0.0
CommNet-inspired,2,2,29.779907067267843,0.49489627922291735,33458.317688625735,0.0009878169245966415,3037,3036,0,1.0003293807641633,0.01257874834603475,0.005277777777777778,0.0
CommNet-inspired,2,3,31.199392144932375,0.49463065408395707,33456.493030877464,0.0013016596160104132,3073,3073,0,1.0,0.01257341358157444,0.0038888888888888888,0.0
CommNet-inspired,2,4,30.305626500456974,0.47179827471798275,33442.67339387739,0.0016589250165892503,3014,3014,0,1.0,0.012528599425826945,0.0044444444444444444,0.0
CommNet-inspired,2,5,31.17489636354202,0.4887676508344031,33469.6191450759,0.0006418485237483953,3116,3115,0,1.0003210272873195,0.012555334631340682,0.003611111111111111,0.0
CommNet-inspired,2,6,30.86667662644696,0.5045161290322581,33475.89639476432,0.0006451612903225806,3100,3099,0,1.000322684737012,0.01249981776830585,0.002777777777777778,0.0
CommNet-inspired,2,7,29.250001815510316,0.5162171389552749,33447.86190764851,0.0003414134516899966,2929,2929,0,1.0,0.012500223090885103,0.003611111111111111,0.0
CommNet-inspired,2,8,30.111207507446174,0.489851150202977,33442.73983035476,0.0,2956,2957,0,0.9996618194115657,0.012553195116601676,0.005277777777777778,0.0
CommNet-inspired,2,9,31.448404840233177,0.49291237113402064,33468.30264177132,0.00032216494845360824,3104,3104,0,1.0,0.012592815299285577,0.005833333333333334,0.0
CommNet-inspired,3,0,31.003626385184074,0.4970453053184504,33471.78679841258,0.00032829940906106366,3046,3045,0,1.000328407224959,0.0126734888682323,0.0033333333333333335,0.0
CommNet-inspired,3,1,30.123189492575293,0.5507487520798668,33484.430552453065,0.0006655574043261231,3005,3005,0,1.0,0.012726907786499297,0.004166666666666667,0.0
CommNet-inspired,3,2,30.607617281409834,0.5226811103588355,33453.80528007139,0.001015572105619499,2954,2954,0,1.0,0.012685264569073398,0.003611111111111111,0.0
CommNet-inspired,3,3,28.499881533923805,0.5100942126514132,33452.42025262089,0.0006729475100942127,2972,2972,0,1.0,0.012731907213391321,0.005,0.0
CommNet-inspired,3,4,30.14581617242401,0.5213364207740655,33473.05288709581,0.0003307972213033411,3023,3023,0,1.0,0.01268311774442231,0.005833333333333334,0.0
CommNet-inspired,3,5,29.449159966131138,0.5162479061976549,33467.31248927904,0.0010050251256281408,2985,2984,0,1.0003351206434317,0.012622592357931554,0.005833333333333334,0.0
CommNet-inspired,3,6,29.852103634370703,0.4954743546765002,33443.41342199575,0.0010056989607777405,2983,2983,0,1.0,0.012642268877243623,0.0025,0.0
CommNet-inspired,3,7,31.022622415804303,0.5394865128371791,33488.15527889847,0.00032499187520311994,3077,3078,0,0.9996751137102015,0.012626973761750074,0.005277777777777778,0.0
CommNet-inspired,3,8,29.689116533011486,0.5121703853955375,33453.59927484655,0.000676132521974307,2958,2957,0,1.0003381805884342,0.012627958192347757,0.0033333333333333335,0.0
CommNet-inspired,3,9,29.368282378721737,0.5062903774226454,33454.74180014418,0.0010200612036722204,2941,2940,0,1.0003401360544217,0.01262153303347683,0.006944444444444444,0.0
CommNet-inspired,4,0,31.689464832443193,0.5196492367651835,33483.85414592485,0.0006495615459564793,3079,3079,0,1.0,0.012500122939753862,0.0038888888888888888,0.0
CommNet-inspired,4,1,30.30235098535554,0.4968595041322314,33449.19514233445,0.0006611570247933885,3025,3026,0,0.9996695307336417,0.012537706268226933,0.005277777777777778,0.0
CommNet-inspired,4,2,29.736415748050153,0.4920311970159376,33449.24528028154,0.001017293997965412,2949,2949,0,1.0,0.012516105688215854,0.0038888888888888888,0.0
CommNet-inspired,4,3,30.372443688445326,0.5018376211159372,33456.57650854164,0.0,2993,2991,0,1.000668672684721,0.012511458524386398,0.0030555555555555557,0.0
CommNet-inspired,4,4,30.02714405862288,0.4959486833220797,33450.27393912274,0.0,2962,2960,0,1.0006756756756756,0.012490113196286581,0.004166666666666667,0.0
CommNet-inspired,4,5,30.315221499409862,0.4988475469213039,33460.78162869387,0.00032927230819888045,3037,3036,0,1.0003293807641633,0.012527641143404052,0.0030555555555555557,0.0
CommNet-inspired,4,6,30.178234357120758,0.4897340962638842,33449.56033515165,0.0010097610232245036,2971,2969,0,1.0006736274840013,0.012504719341652367,0.003611111111111111,0.0
CommNet-inspired,4,7,29.292705071101516,0.5075239398084815,33451.47433757605,0.0,2924,2922,0,1.000684462696783,0.012550865591038018,0.005555555555555556,0.0
CommNet-inspired,4,8,29.1250827144388,0.472646958885491,33434.95306532608,0.0003397893306150187,2943,2944,0,0.9996603260869565,0.012512983282148425,0.004166666666666667,0.0
CommNet-inspired,4,9,30.511850705913066,0.5048732943469786,33472.58029438193,0.0016244314489928524,3078,3075,0,1.0009756097560976,0.012532422960955752,0.007222222222222222,0.0
CommNet-inspired,5,0,30.89798689208299,0.5120928732666882,33480.81243675997,0.0,3101,3101,0,1.0,0.012505421347062414,0.002777777777777778,0.0
CommNet-inspired,5,1,29.2842220056946,0.48062792251169006,33452.76043332578,0.00033400133600534405,2994,2995,0,0.9996661101836394,0.012500067946449336,0.0033333333333333335,0.0
CommNet-inspired,5,2,29.053373577452252,0.5016949152542373,33461.85309052582,0.0013559322033898306,2950,2950,0,1.0,0.012490004488629185,0.004166666666666667,0.0
CommNet-inspired,5,3,29.597012069905592,0.500659195781147,33455.112563685296,0.0006591957811470006,3034,3033,0,1.0003297065611605,0.012474986448069105,0.005,0.0
CommNet-inspired,5,4,30.139285572069067,0.513843111404087,33470.755846770284,0.0006591957811470006,3034,3034,0,1.0,0.012474029069481833,0.0030555555555555557,0.0
CommNet-inspired,5,5,29.668818930034927,0.5283711615487316,33475.370227918625,0.0,2996,2994,0,1.0006680026720107,0.012461133778237531,0.006111111111111111,0.0
CommNet-inspired,5,6,28.874803120949526,0.4917184265010352,33433.2057177122,0.0006901311249137336,2898,2898,0,1.0,0.012490757204230048,0.005277777777777778,0.0
CommNet-inspired,5,7,30.503250498843492,0.5488524590163935,33497.39014860822,0.0009836065573770492,3050,3050,0,1.0,0.012489366215757197,0.005,0.0
CommNet-inspired,5,8,28.38780046097553,0.49517574086836663,33437.99472187526,0.00034458993797381116,2902,2904,0,0.9993112947658402,0.012417256327656407,0.005833333333333334,0.0
CommNet-inspired,5,9,30.33255001602444,0.49136526555881394,33468.97085248673,0.0009775171065493646,3069,3069,0,1.0,0.012477219444311535,0.005555555555555556,0.0
CommNet-inspired,6,0,30.312151583237,0.516617308325107,33468.5427637148,0.0003290556103981573,3039,3039,0,1.0,0.012506939524124999,0.0038888888888888888,0.0
CommNet-inspired,6,1,28.808457162940034,0.5044520547945206,33444.51409891929,0.0006849315068493151,2920,2920,0,1.0,0.012504129791826323,0.005,0.0
CommNet-inspired,6,2,29.67302295346767,0.49569707401032703,33434.089028679824,0.00034423407917383823,2905,2904,0,1.0003443526170799,0.012508951048302049,0.0022222222222222222,0.0
CommNet-inspired,6,3,29.18787621867252,0.47289784572619875,33426.01328813278,0.001389854065323141,2878,2877,0,1.0003475842891902,0.012512256764845612,0.004722222222222222,0.0
CommNet-inspired,6,4,29.128984971226984,0.4986062717770035,33438.35335907318,0.0,2870,2869,0,1.0003485535029628,0.012548299064898552,0.0033333333333333335,0.0
CommNet-inspired,6,5,29.710686521097912,0.4968698517298188,33461.11270373924,0.00032948929159802305,3035,3035,0,1.0,0.012527209278131418,0.003611111111111111,0.0
CommNet-inspired,6,6,30.496042513202518,0.4946949602122016,33451.50707937574,0.0,3016,3014,0,1.0006635700066357,0.012553310943379376,0.005277777777777778,0.0
CommNet-inspired,6,7,30.31386028127134,0.5267253044654939,33457.0923265937,0.0,2956,2955,0,1.0003384094754653,0.012561589432556907,0.004166666666666667,0.0
CommNet-inspired,6,8,30.381327449092296,0.5284799460734749,33462.5030354422,0.0016852039096730705,2967,2967,0,1.0,0.012546942229770744,0.003611111111111111,0.0
CommNet-inspired,6,9,30.322173374467347,0.4682618810235959,33445.30440798502,0.0006646726487205051,3009,3008,0,1.0003324468085106,0.01258729406981729,0.003611111111111111,0.0
CommNet-inspired,7,0,30.554325116716875,0.5001649620587265,33468.00167093843,0.0,3031,3030,0,1.0003300330033003,0.01267776615148048,0.005,0.0
CommNet-inspired,7,1,29.693174607733674,0.5332878115397747,33464.560581922844,0.0006828269033799932,2929,2930,0,0.9996587030716724,0.012688536898672786,0.004722222222222222,0.0
CommNet-inspired,7,2,31.310539553938828,0.4650641025641026,33451.99914751136,0.0009615384615384616,3120,3121,0,0.99967958987504,0.012688204107689671,0.005,0.0
CommNet-inspired,7,3,30.94136569679697,0.48879506333225076,33459.91591644129,0.0006495615459564793,3079,3079,0,1.0,0.01268145769265377,0.005,0.0
CommNet-inspired,7,4,29.13444508956132,0.49225473321858865,33445.24485293032,0.00034423407917383823,2905,2905,0,1.0,0.012693303150525834,0.0044444444444444444,0.0
CommNet-inspired,7,5,31.347683957152455,0.48982886664514047,33464.88298618124,0.0009686793671294801,3097,3099,0,0.9993546305259762,0.012708978788901329,0.002777777777777778,0.0
CommNet-inspired,7,6,28.34451193813582,0.4973913043478261,33429.19115806005,0.00034782608695652176,2875,2875,0,1.0,0.012659086491718579,0.002777777777777778,0.0
CommNet-inspired,7,7,30.617047714586118,0.5146333442946399,33476.14773585902,0.0003288391976323578,3041,3041,0,1.0,0.012650193425037691,0.004722222222222222,0.0
CommNet-inspired,7,8,29.49370895984812,0.5195813639432816,33462.22882037233,0.00033760972316002703,2962,2960,0,1.0006756756756756,0.012617586633293992,0.006388888888888889,0.0
CommNet-inspired,7,9,30.513393965781905,0.4944661458333333,33463.65957623779,0.001953125,3072,3072,0,1.0,0.012615851645629542,0.005277777777777778,0.0
CommNet-inspired,8,0,30.83703126693888,0.5402750491159135,33479.590244172425,0.0006548788474132286,3054,3052,0,1.0006553079947575,0.012465861986533532,0.0044444444444444444,0.0
CommNet-inspired,8,1,30.73863792065335,0.47197346600331674,33449.97286109146,0.0009950248756218905,3015,3016,0,0.9996684350132626,0.012446004457564818,0.005277777777777778,0.0
CommNet-inspired,8,2,29.369302736393905,0.5073005093378607,33452.14561070287,0.00033955857385398983,2945,2946,0,0.9996605566870332,0.012383515510009602,0.0022222222222222222,0.0
CommNet-inspired,8,3,30.075395338266755,0.503955174686882,33469.19982781907,0.0,3034,3032,0,1.0006596306068603,0.012433404799796538,0.006111111111111111,0.0
CommNet-inspired,8,4,30.436044102572914,0.5143233454066513,33476.982904840625,0.0006585446163977609,3037,3037,0,1.0,0.012466634780543648,0.0030555555555555557,0.0
CommNet-inspired,8,5,31.88526214386741,0.5103109656301146,33467.115364021585,0.0003273322422258593,3055,3053,0,1.0006550933508025,0.01239907277340535,0.0038888888888888888,0.0
CommNet-inspired,8,6,30.81668175987735,0.4859625668449198,33446.542943708846,0.001002673796791444,2992,2993,0,0.9996658870698296,0.012411779408769993,0.0038888888888888888,0.0
CommNet-inspired,8,7,29.175112129721406,0.5189829327760362,33437.007981276045,0.0013932427725531174,2871,2871,0,1.0,0.012430831678405713,0.0044444444444444444,0.0
CommNet-inspired,8,8,31.646493583376465,0.535538814281035,33484.97993523104,0.0013101867016049786,3053,3053,0,1.0,0.012456488418845564,0.005,0.0
CommNet-inspired,8,9,29.574246930069368,0.5177049180327868,33469.6641671032,0.0003278688524590164,3050,3050,0,1.0,0.012390355508412337,0.003611111111111111,0.0
CommNet-inspired,9,0,29.818498847544525,0.5067842605156038,33447.273831953295,0.00033921302578018993,2948,2949,0,0.9996609020006781,0.012566482674123513,0.002777777777777778,0.0
CommNet-inspired,9,1,30.081588031742342,0.4913058302079782,33441.74861177527,0.0,2933,2934,0,0.9996591683708248,0.012577977946623123,0.0044444444444444444,0.0
CommNet-inspired,9,2,30.151091294570893,0.508789722785666,33456.511871980634,0.0003380662609871535,2958,2960,0,0.9993243243243243,0.012470564821140014,0.0030555555555555557,0.0
CommNet-inspired,9,3,31.159067488961945,0.4784859268845034,33455.46234175673,0.0012940795858945326,3091,3090,0,1.0003236245954692,0.012670352815702144,0.005555555555555556,0.0
CommNet-inspired,9,4,30.238222369246035,0.5179335307666996,33468.50729786852,0.0006581112207963146,3039,3038,0,1.000329163923634,0.012550128987641072,0.0044444444444444444,0.0
CommNet-inspired,9,5,29.40688894346716,0.48909451421017847,33456.350953087036,0.0009914077990746861,3026,3025,0,1.0003305785123966,0.012633627657325836,0.004166666666666667,0.0
CommNet-inspired,9,6,30.292959506933887,0.48171334431630974,33448.972804821206,0.0006589785831960461,3035,3035,0,1.0,0.012603853901964612,0.005833333333333334,0.0
CommNet-inspired,9,7,30.219766251564824,0.4963210702341137,33454.313159845995,0.0,2990,2989,0,1.0003345600535296,0.012625614119719507,0.0025,0.0
CommNet-inspired,9,8,29.440382112684212,0.48272425249169437,33446.31114803809,0.0,3010,3009,0,1.0003323363243604,0.012524113935392558,0.0044444444444444444,0.0
CommNet-inspired,9,9,29.47747280601107,0.5146218487394958,33460.73832122536,0.0003361344537815126,2975,2975,0,1.0,0.012601921655004844,0.0038888888888888888,0.0
MADDPG-inspired,0,0,-2160.425071536307,0.44948921679909193,33372.39250386421,0.0007567158531971245,2643,2994,352,0.8827655310621243,0.015271652842380313,7.505833333333333,0.8316666666666667
MADDPG-inspired,0,1,-2038.4442077949725,0.44059590316573555,33374.47422258825,0.00037243947858472997,2685,3008,321,0.8926196808510638,0.015008725735242482,7.482777777777778,0.8322222222222222
MADDPG-inspired,0,2,-1961.9098126031868,0.46572280178837555,33385.07807057985,0.0,2684,2994,308,0.8964595858383434,0.015035682158971515,7.463888888888889,0.8308333333333333
MADDPG-inspired,0,3,-2226.4850900727797,0.4600146735143067,33392.78792815508,0.00036683785766691124,2726,3087,361,0.8830579850988014,0.015010403753775691,7.498888888888889,0.8377777777777777
MADDPG-inspired,0,4,-1968.6674262515955,0.4635477582846004,33372.10960034596,0.0,2565,2875,310,0.8921739130434783,0.014996592773564367,7.500277777777778,0.8344444444444444
MADDPG-inspired,0,5,-2165.8087201074336,0.44573788959819755,33375.71696561715,0.0003755163349605708,2663,3009,347,0.8850116317713526,0.01502709863254697,7.5072222222222225,0.8388888888888889
MADDPG-inspired,0,6,-1982.1022864596262,0.432753164556962,33353.02125740699,0.00039556962025316455,2528,2844,316,0.8888888888888888,0.015001846719921256,7.526388888888889,0.8269444444444445
MADDPG-inspired,0,7,-1934.4859331059083,0.4403071017274472,33371.181985603755,0.0,2605,2909,305,0.8954967342729461,0.015014600228621729,7.536388888888889,0.8069444444444445
MADDPG-inspired,0,8,-2015.0842652414397,0.44794368284549835,33383.380507714835,0.0003705075954057058,2699,3017,319,0.8945972820682797,0.015039021391809609,7.5055555555555555,0.8252777777777778
MADDPG-inspired,0,9,-1985.8307370171237,0.4305504921618666,33382.334407378185,0.0014582573824279985,2743,3053,311,0.8984605306256142,0.014986315913524272,7.520833333333333,0.8027777777777778
MADDPG-inspired,1,0,-2032.0830226052972,0.4557148107313488,33387.71158405095,0.0003675119441381845,2721,3042,321,0.8944773175542406,0.015127673433097595,7.483888888888889,0.8677777777777778
MADDPG-inspired,1,1,-2070.219219031758,0.44597615499254845,33375.8023926255,0.0007451564828614009,2684,3010,326,0.8916943521594685,0.015098188449175926,7.491944444444444,0.8630555555555556
MADDPG-inspired,1,2,-2093.595459148489,0.437381763147938,33358.02825944302,0.0022701475595913734,2643,2974,333,0.8887020847343645,0.015017015676777292,7.470833333333333,0.8569444444444444
MADDPG-inspired,1,3,-1861.9248103411046,0.4162912912912913,33360.84195838249,0.0,2664,2949,287,0.9033570701932858,0.01493204167410214,7.5055555555555555,0.8269444444444445
MADDPG-inspired,1,4,-2026.793986964198,0.4501108647450111,33383.94889107692,0.0007390983000739098,2706,3027,324,0.8939544103072349,0.015043733048110478,7.515555555555555,0.8163888888888889
MADDPG-inspired,1,5,-2059.80992881635,0.4452801805189921,33377.1054856295,0.000376081233546446,2659,2980,324,0.8922818791946309,0.01493601320059194,7.511666666666667,0.8494444444444444
MADDPG-inspired,1,6,-2088.6914334024077,0.47995586612725266,33402.70670508511,0.0003677822728944465,2719,3051,333,0.8911832186168469,0.015009254863899616,7.474722222222222,0.8566666666666667
MADDPG-inspired,1,7,-1866.125905697999,0.4533959537572254,33390.826963151514,0.0,2768,3051,284,0.9072435267125533,0.01490799836594508,7.518888888888889,0.8483333333333334
MADDPG-inspired,1,8,-2019.1913174348788,0.4357562408223201,33378.990506184,0.0011013215859030838,2724,3040,318,0.8960526315789473,0.015008267075043274,7.524166666666667,0.8355555555555556
MADDPG-inspired,1,9,-2033.9019059074242,0.45268542199488493,33388.76498895164,0.0010960906101571063,2737,3055,318,0.8959083469721768,0.014950343680943156,7.5008333333333335,0.8133333333333334
MADDPG-inspired,2,0,-1894.6945322106374,0.42580164056674125,33364.06864734732,0.0014914243102162564,2682,2975,293,0.9015126050420168,0.015002388733490888,7.516111111111111,0.8272222222222222
MADDPG-inspired,2,1,-1956.3463342889806,0.41353965183752417,33352.85298840472,0.0,2585,2895,310,0.8929188255613126,0.015020618150528107,7.539444444444444,0.8152777777777778
MADDPG-inspired,2,2,-2076.1950321073764,0.42509225092250924,33374.447547147254,0.0,2710,3036,327,0.8926218708827405,0.015012436331340319,7.525,0.8183333333333334
MADDPG-inspired,2,3,-2095.688597219238,0.44440393729493255,33380.36635388906,0.0014582573824279985,2743,3073,330,0.8926130816791409,0.015016161568281759,7.468055555555556,0.8547222222222223
MADDPG-inspired,2,4,-2021.870387243466,0.4221645663454411,33376.4472920121,0.0007412898443291327,2698,3014,316,0.8951559389515594,0.01505919959324981,7.522222222222222,0.8472222222222222
MADDPG-inspired,2,5,-2147.503593704253,0.43475126171593365,33391.36544849765,0.0,2774,3115,342,0.8905296950240771,0.015040377229322782,7.519722222222223,0.8361111111111111
MADDPG-inspired,2,6,-2163.607865210824,0.4424682395644283,33393.07488757229,0.0007259528130671506,2755,3099,345,0.8889964504678929,0.015018700879105987,7.463888888888889,0.8269444444444445
MADDPG-inspired,2,7,-1873.2479332547125,0.4535809018567639,33373.97391125879,0.0007578628268283441,2639,2929,290,0.900990099009901,0.015015731502595978,7.506944444444445,0.8391666666666666
MADDPG-inspired,2,8,-1943.9487710094074,0.4525244913338357,33380.6115134472,0.00037678975131876413,2654,2957,302,0.8975312817044302,0.01502537708600155,7.514444444444444,0.8455555555555555
MADDPG-inspired,2,9,-1951.4407806897837,0.43611705924339755,33399.57240864386,0.0,2802,3104,302,0.9027061855670103,0.015016706173709178,7.490833333333334,0.8533333333333334
MADDPG-inspired,3,0,-1936.6008985383744,0.44169096209912534,33391.762877538866,0.0007288629737609329,2744,3045,302,0.9011494252873563,0.01509060115495231,7.55,0.82
MADDPG-inspired,3,1,-2062.925874852911,0.47126865671641793,33392.97430523744,0.00037313432835820896,2680,3005,325,0.891846921797005,0.015056938927349012,7.466388888888889,0.8377777777777777
MADDPG-inspired,3,2,-1912.2187041523862,0.4604370761115298,33379.02403223891,0.00037678975131876413,2654,2954,300,0.8984427894380501,0.015023881915516946,7.490555555555556,0.8297222222222222
MADDPG-inspired,3,3,-1970.9964133886924,0.45697106350995864,33379.64748772195,0.0003757985719654265,2661,2972,311,0.8953566621803499,0.01504380256746016,7.495555555555556,0.8277777777777777
MADDPG-inspired,3,4,-2057.761466798863,0.4747961452928095,33395.987412355695,0.0,2698,3023,325,0.8924909030764142,0.01504831754492544,7.512222222222222,0.8175
MADDPG-inspired,3,5,-2100.481339259919,0.45375613439033596,33381.28484749639,0.0011325028312570782,2649,2984,336,0.8877345844504021,0.01503876002809395,7.496944444444445,0.8347222222222223
MADDPG-inspired,3,6,-1992.9787442825173,0.4250936329588015,33362.505666332916,0.0011235955056179776,2670,2983,313,0.8950720750921891,0.015066307278983813,7.438888888888889,0.8269444444444445
MADDPG-inspired,3,7,-2105.6415454961248,0.4555393586005831,33388.61417608332,0.0010932944606413995,2744,3078,334,0.8914879792072774,0.015054731472951567,7.518055555555556,0.7930555555555555
MADDPG-inspired,3,8,-2014.1475154580085,0.47292692162059824,33382.89870468716,0.001135933358576297,2641,2957,317,0.8931349340547853,0.015087606197792208,7.529722222222222,0.8466666666666667
MADDPG-inspired,3,9,-2060.729821219266,0.442572741194487,33376.44241299104,0.0,2612,2940,329,0.8884353741496599,0.015055422241049303,7.485277777777778,0.8383333333333334
MADDPG-inspired,4,0,-2110.354762838356,0.4686817188638019,33410.46158701156,0.0,2746,3079,333,0.8918480025982461,0.014975995826211551,7.5075,0.8280555555555555
MADDPG-inspired,4,1,-2154.3602334398565,0.40753169276659207,33362.09905710272,0.0003728560775540641,2682,3026,344,0.8863185723727693,0.015157397834829882,7.510555555555555,0.8422222222222222
MADDPG-inspired,4,2,-1970.5160101026024,0.4481060606060606,33381.75520862155,0.0011363636363636363,2640,2949,309,0.8952187182095626,0.0151210999740417,7.520833333333333,0.8491666666666666
MADDPG-inspired,4,3,-1922.4476743853877,0.43562152133580706,33374.50755304526,0.0011131725417439704,2695,2991,298,0.9010364426613173,0.015154626417724004,7.506944444444445,0.8372222222222222
MADDPG-inspired,4,4,-2012.7970649152803,0.4426787741203178,33377.29612096239,0.0,2643,2960,319,0.8929054054054054,0.015168609343365664,7.482222222222222,0.8180555555555555
MADDPG-inspired,4,5,-2085.384981181932,0.4393939393939394,33384.51326939212,0.0003695491500369549,2706,3036,331,0.8913043478260869,0.015182031953978973,7.445277777777778,0.8513888888888889
MADDPG-inspired,4,6,-2013.4174888030211,0.43384847342630983,33371.283659033885,0.0003769317753486619,2653,2969,318,0.8935668575277871,0.015176984895434644,7.490833333333334,0.8283333333333334
MADDPG-inspired,4,7,-2071.6058704441257,0.4454300038565368,33369.996432773754,0.0003856536829926726,2593,2922,331,0.8874058863791924,0.015171196277757797,7.459722222222222,0.8341666666666666
MADDPG-inspired,4,8,-1961.025481649533,0.41359665780478544,33358.574897970844,0.00037979491074819596,2633,2944,310,0.8943614130434783,0.01519129534588299,7.491944444444444,0.8413888888888889
MADDPG-inspired,4,9,-1939.4333197899757,0.44672426205903526,33398.09511427064,0.0,2778,3075,300,0.9034146341463415,0.015162334947187142,7.4975,0.8388888888888889
MADDPG-inspired,5,0,-2054.936215599296,0.4372076286433969,33388.50294108184,0.0,2779,3101,322,0.8961625282167043,0.014928170192029534,7.4816666666666665,0.83
MADDPG-inspired,5,1,-2124.4268528244934,0.42846385542168675,33369.56136178512,0.0007530120481927711,2656,2995,338,0.8868113522537563,0.0151219148489569,7.528333333333333,0.8236111111111111
MADDPG-inspired,5,2,-2015.4930312874296,0.4465982516153554,33381.04469575727,0.0,2631,2950,319,0.8918644067796611,0.014938555630376667,7.498055555555555,0.8122222222222222
MADDPG-inspired,5,3,-1934.2641984485442,0.4283101682516459,33373.944844885234,0.0,2734,3033,300,0.9014177382129904,0.01505679877461969,7.476666666666667,0.8497222222222223
MADDPG-inspired,5,4,-1942.7285737309442,0.45001830831197365,33391.49512328383,0.0010984987184181618,2731,3034,303,0.9001318391562294,0.014960136256478209,7.493333333333333,0.8344444444444444
MADDPG-inspired,5,5,-2026.2022251195037,0.4576017930519238,33387.16000745079,0.0007471049682480389,2677,2994,319,0.894121576486306,0.015032858254724285,7.467222222222222,0.8227777777777778
MADDPG-inspired,5,6,-1923.9182942829275,0.42703118983442434,33356.31570671497,0.0,2597,2898,301,0.8961352657004831,0.014995424586231822,7.4463888888888885,0.8522222222222222
MADDPG-inspired,5,7,-2023.3852511087937,0.49414348462664714,33413.59323807562,0.00036603221083455345,2732,3050,318,0.8957377049180328,0.015013732636968294,7.466666666666667,0.8513888888888889
MADDPG-inspired,5,8,-1957.784489913334,0.4382716049382716,33362.73360662647,0.0015432098765432098,2592,2904,310,0.8925619834710744,0.014932134452262998,7.495555555555556,0.8255555555555556
MADDPG-inspired,5,9,-2190.6113255228342,0.447310243183493,33390.26638396806,0.0014738393515106854,2714,3069,355,0.8843271423916585,0.015051834379038257,7.469166666666666,0.8166666666666667
MADDPG-inspired,6,0,-2087.821019534443,0.44994458810491317,33384.64702660301,0.0,2707,3039,333,0.8907535373478118,0.015033682163145082,7.487222222222222,0.8297222222222222
MADDPG-inspired,6,1,-1924.0757536088563,0.4443173150266972,33376.50128805061,0.0,2622,2920,298,0.897945205479452,0.01502370464893627,7.4944444444444445,0.8127777777777778
MADDPG-inspired,6,2,-2007.809401342182,0.43039443155452434,33356.5962548873,0.0007733952049497294,2586,2904,319,0.890495867768595,0.015000630107048588,7.481111111111111,0.8413888888888889
MADDPG-inspired,6,3,-2060.4910620375517,0.4137254901960784,33351.551256476465,0.000784313725490196,2550,2877,328,0.886339937434828,0.015014198514917452,7.559722222222222,0.7952777777777778
MADDPG-inspired,6,4,-1984.4761052725446,0.44770857814336074,33362.78307168685,0.0,2553,2869,317,0.8898570930637852,0.015007762112266695,7.503888888888889,0.8175
MADDPG-inspired,6,5,-1946.3936379271518,0.4319678127286028,33378.29352022463,0.0010972933430870519,2734,3035,301,0.9008237232289951,0.015016437920470103,7.495833333333334,0.8572222222222222
MADDPG-inspired,6,6,-1944.5757645023298,0.4329896907216495,33376.99222036624,0.0,2716,3014,300,0.9011280690112807,0.015010879895675722,7.471388888888889,0.8261111111111111
MADDPG-inspired,6,7,-1984.0394089057447,0.46878547105561863,33389.298517954994,0.00037835792659856227,2643,2955,313,0.8944162436548223,0.015075075831393605,7.511666666666667,0.8102777777777778
MADDPG-inspired,6,8,-2012.2469880247659,0.4575631837042625,33380.74314173533,0.001886080724254998,2651,2967,316,0.8934951129086619,0.015003318047901202,7.5075,0.845
MADDPG-inspired,6,9,-1987.499689867958,0.42232109751575825,33374.03117917314,0.0003707823507601038,2697,3008,312,0.8966090425531915,0.015031488007581275,7.508333333333334,0.8136111111111111
MADDPG-inspired,7,0,-2015.144475012084,0.4375230372281607,33380.91350920403,0.0007371913011426465,2713,3030,319,0.8953795379537954,0.015137280693225976,7.519444444444445,0.8286111111111111
MADDPG-inspired,7,1,-1940.5623062358832,0.4645579268292683,33383.28064709877,0.00038109756097560977,2624,2930,307,0.8955631399317406,0.01520607103076246,7.464722222222222,0.8561111111111112
MADDPG-inspired,7,2,-2161.6436674848633,0.40684684684684685,33376.62551422597,0.0007207207207207207,2775,3121,345,0.8891380967638577,0.014989811134809215,7.528333333333333,0.8230555555555555
MADDPG-inspired,7,3,-1912.267166158309,0.4448833034111311,33392.38918846883,0.0003590664272890485,2785,3079,294,0.9045144527443976,0.014988425262143008,7.498888888888889,0.8477777777777777
MADDPG-inspired,7,4,-2027.9644806810777,0.4440572977158343,33369.76830865225,0.0007742934572202865,2583,2905,322,0.8891566265060241,0.014980917524856826,7.523611111111111,0.8544444444444445
MADDPG-inspired,7,5,-2143.764100427241,0.42426443879404285,33378.51779779281,0.0003632401017072285,2753,3099,344,0.888351080993869,0.015007307964778092,7.489444444444445,0.8172222222222222
MADDPG-inspired,7,6,-1913.753157253111,0.43245341614906835,33353.13712045996,0.0,2576,2875,299,0.896,0.014979594230276741,7.483611111111111,0.8272222222222222
MADDPG-inspired,7,7,-2078.380715169197,0.44280442804428044,33381.06801641279,0.0,2710,3041,331,0.8911542255836896,0.014994830184150485,7.489166666666667,0.8736111111111111
MADDPG-inspired,7,8,-1890.8171389964407,0.45481814773153356,33387.10288733826,0.0007499062617172854,2667,2960,295,0.9010135135135136,0.014967394253795242,7.489722222222222,0.8438888888888889
MADDPG-inspired,7,9,-2180.097903482173,0.4309838472834068,33384.4873473465,0.0003671071953010279,2724,3072,348,0.88671875,0.014970207908643514,7.504166666666666,0.8161111111111111
MADDPG-inspired,8,0,-1941.0245194269016,0.4798255179934569,33408.13228373586,0.0,2751,3052,303,0.9013761467889908,0.015066472598442085,7.545,0.8138888888888889
MADDPG-inspired,8,1,-1958.0454807041076,0.4056150720354636,33365.26997251929,0.0,2707,3016,308,0.8975464190981433,0.015022195587840138,7.487222222222222,0.83
MADDPG-inspired,8,2,-2093.079210298408,0.45903522205206737,33378.03201520012,0.0,2612,2946,334,0.8866259334691107,0.015021308349484267,7.543888888888889,0.8236111111111111
MADDPG-inspired,8,3,-2004.5503438682172,0.44158706833210876,33395.81278826914,0.0,2722,3032,312,0.8977572559366754,0.01510407676849152,7.525,0.8169444444444445
MADDPG-inspired,8,4,-2048.1409362337918,0.4585329893107261,33393.4462948658,0.00036859565057132326,2713,3037,325,0.8933157721435627,0.015053976775056474,7.509166666666666,0.8311111111111111
MADDPG-inspired,8,5,-1947.2139627194917,0.45206971677559915,33391.893699452594,0.0,2754,3053,301,0.9020635440550279,0.015073924294685842,7.518611111111111,0.7975
MADDPG-inspired,8,6,-2125.971386961763,0.42884107210268024,33367.0375162938,0.0011325028312570782,2649,2993,343,0.8850651520213833,0.015049379902646046,7.486111111111111,0.8336111111111111
MADDPG-inspired,8,7,-1980.0897662776567,0.4493942946463462,33357.575397269,0.0,2559,2871,312,0.8913270637408568,0.015060298969425883,7.56,0.7947222222222222
MADDPG-inspired,8,8,-2051.569306841914,0.46449487554904834,33393.83406333305,0.0,2732,3053,321,0.8948575171962004,0.015067801120393494,7.472222222222222,0.8722222222222222
MADDPG-inspired,8,9,-1960.4079210441478,0.45318761384335154,33392.421319126115,0.0007285974499089253,2745,3050,305,0.9,0.015043921133231681,7.456111111111111,0.8519444444444444
MADDPG-inspired,9,0,-2040.3023283308173,0.44643537933663746,33366.9188143312,0.001143728555089592,2623,2949,325,0.8894540522210919,0.015185389976573385,7.455277777777778,0.8569444444444444
MADDPG-inspired,9,1,-2073.6523050243295,0.44431643625192013,33371.828614125894,0.00038402457757296467,2604,2934,329,0.8875255623721882,0.015073314082757052,7.535833333333334,0.8108333333333333
MADDPG-inspired,9,2,-2044.4032139354463,0.4631738800303721,33384.486361578514,0.0015186028853454822,2634,2960,325,0.8898648648648648,0.015060287405503914,7.496944444444445,0.8413888888888889
MADDPG-inspired,9,3,-2169.9895376125874,0.4163934426229508,33372.88806201112,0.00036429872495446266,2745,3090,346,0.8883495145631068,0.015074775012585128,7.486944444444444,0.8383333333333334
MADDPG-inspired,9,4,-2005.4285018638673,0.44941348973607037,33383.33613759175,0.00036656891495601173,2728,3038,311,0.8979591836734694,0.015070782461811582,7.5152777777777775,0.8180555555555555
MADDPG-inspired,9,5,-2018.8599164780048,0.4296268932397488,33383.278325613835,0.0011082379017362395,2707,3025,319,0.8948760330578512,0.01507783065446549,7.495277777777778,0.8211111111111111
MADDPG-inspired,9,6,-2036.6774929347555,0.41718922906676503,33368.017764026794,0.0011066027296200663,2711,3035,324,0.8932454695222405,0.015036424586368311,7.491666666666666,0.8280555555555555
MADDPG-inspired,9,7,-1967.3582004292514,0.417910447761194,33364.97674796259,0.00037313432835820896,2680,2989,310,0.896620943459351,0.015044692884354541,7.475,0.8480555555555556
MADDPG-inspired,9,8,-2088.257098440418,0.43561030235162373,33374.976980171516,0.0003732736095558044,2679,3009,331,0.8903290129611167,0.015066021621654121,7.546666666666667,0.8241666666666667
MADDPG-inspired,9,9,-2061.2752453780918,0.4474678760393046,33376.56730756987,0.0003779289493575208,2646,2975,329,0.8894117647058823,0.015032131971868996,7.495833333333334,0.8263888888888888
w/o Scout,0,0,42.89696616455114,0.02270450751252087,33019.30479251161,0.0,2995,2994,0,1.0003340013360054,0.050281061388280555,0.0,9.995555555555555
w/o Scout,0,1,42.76955364533689,0.024268617021276594,33022.31332506616,0.0,3008,3008,0,1.0,0.05004803496639296,0.0,9.994722222222222
w/o Scout,0,2,43.907171632943104,0.020374081496325986,33019.5979860756,0.0,2994,2994,0,1.0,0.0503149363875208,0.0,9.995555555555555
w/o Scout,0,3,44.603790389416986,0.02299222797927461,33021.78650307138,0.0,3088,3087,0,1.0003239390994494,0.050337736493222304,0.0,9.995277777777778
w/o Scout,0,4,41.145587838782355,0.019471488178025034,33017.80515907234,0.0,2876,2875,0,1.0003478260869565,0.05013642581858827,0.0,9.994444444444444
w/o Scout,1,0,43.42450810727221,0.03057199211045365,33024.914770124014,0.0,3042,3042,0,1.0,0.05013654672883503,0.0,9.995
w/o Scout,1,1,42.704044360433706,0.0212624584717608,33019.56276175995,0.0,3010,3010,0,1.0,0.049631248145791076,0.0,9.994166666666667
w/o Scout,1,2,42.030492926213505,0.025537634408602152,33022.59197784713,0.0,2976,2974,0,1.0006724949562877,0.05019444424639612,0.0,9.994722222222222
w/o Scout,1,3,41.72905644008939,0.028126058963063368,33022.32882826863,0.00033886818027787193,2951,2949,0,1.0006781959986437,0.05005632749331805,0.0,9.995277777777778
w/o Scout,1,4,43.24881993620292,0.026402640264026403,33021.38003056134,0.0,3030,3027,0,1.0009910802775024,0.05065157458658279,0.0,9.994722222222222
w/o Scout,2,0,42.238503110073204,0.020168067226890758,33018.84940339103,0.0,2975,2975,0,1.0,0.05130788699089964,0.0,9.99638888888889
w/o Scout,2,1,41.62890843255595,0.019689119170984457,33018.71092798787,0.0,2895,2895,0,1.0,0.050239437898401074,0.0,9.994166666666667
w/o Scout,2,2,43.48429726811133,0.01415870925255186,33013.67198038624,0.0,3037,3036,0,1.0003293807641633,0.05020914276085225,0.0,9.99638888888889
w/o Scout,2,3,43.776132097058834,0.022779043280182234,33020.71956140138,0.0,3073,3073,0,1.0,0.05031350458254261,0.0,9.995555555555555
w/o Scout,2,4,41.94660757777277,0.021234240212342402,33020.14715120949,0.0,3014,3014,0,1.0,0.05139722216699738,0.0,9.995555555555555
w/o Scout,3,0,43.316272516660725,0.024294156270518712,33021.24507968766,0.0,3046,3045,0,1.000328407224959,0.050386596884992384,0.0,9.995555555555555
w/o Scout,3,1,43.6017980458198,0.024625623960066557,33020.265329601396,0.0,3005,3005,0,1.0,0.050226887424489386,0.0,9.995277777777778
w/o Scout,3,2,42.89216653023214,0.02707275803722504,33022.89147217596,0.0,2955,2954,0,1.0003385240352065,0.05032698964189169,0.0,9.995277777777778
w/o Scout,3,3,43.020492443230154,0.020188425302826378,33017.612248964,0.0,2972,2972,0,1.0,0.05027150929122905,0.0,9.99638888888889
w/o Scout,3,4,43.75269640644527,0.023817399933840556,33019.96498660717,0.0,3023,3023,0,1.0,0.05030851115589031,0.0,9.996666666666666
w/o Scout,4,0,44.29875151675236,0.015589477102955504,33015.5075187225,0.0,3079,3079,0,1.0,0.05806286919040657,0.0,9.996666666666666
w/o Scout,4,1,43.77264061835083,0.01784534038334435,33016.75640190058,0.0,3026,3026,0,1.0,0.051594339367713675,0.0,9.995277777777778
w/o Scout,4,2,42.1890860968938,0.017966101694915255,33019.55825539224,0.0,2950,2949,0,1.0003390979993219,0.05163831026746064,0.0,9.99611111111111
w/o Scout,4,3,43.3249361433878,0.01670564650851988,33014.91663812236,0.0,2993,2991,0,1.000668672684721,0.0503429786735473,0.0,9.996944444444445
w/o Scout,4,4,42.54803230740846,0.02025658338960162,33019.1779802591,0.0,2962,2960,0,1.0006756756756756,0.04959745481998349,0.0,9.994722222222222
w/o Scout,5,0,44.15108174870506,0.022888459058671824,33022.193883972264,0.0,3102,3101,0,1.000322476620445,0.050209749150477975,0.0,9.994444444444444
w/o Scout,5,1,42.23864491965528,0.02036727879799666,33020.23675144835,0.0,2995,2995,0,1.0,0.05025685119714277,0.0,9.99638888888889
w/o Scout,5,2,41.931987726318305,0.020338983050847456,33018.96479716374,0.0,2950,2950,0,1.0,0.050189538401254036,0.0,9.994444444444444
w/o Scout,5,3,43.77809728386099,0.023731048121292023,33019.946436998456,0.0,3034,3033,0,1.0003297065611605,0.05005743144849678,0.0,9.99611111111111
w/o Scout,5,4,43.56661426475516,0.02076466710613052,33017.79913840039,0.0,3034,3034,0,1.0,0.05016155878062516,0.0,9.995
w/o Scout,6,0,44.03225870690775,0.02006578947368421,33017.07156292544,0.0,3040,3039,0,1.000329055610398,0.04974529447564338,0.0,9.99638888888889
w/o Scout,6,1,41.96117593088414,0.017123287671232876,33016.50636963406,0.0,2920,2920,0,1.0,0.0499463647170665,0.0,9.99611111111111
w/o Scout,6,2,41.32920045282963,0.01927710843373494,33017.28287533392,0.0,2905,2904,0,1.0003443526170799,0.04953300895835532,0.0,9.994444444444444
w/o Scout,6,3,40.91846342112839,0.017720639332870047,33016.124593325825,0.0,2878,2877,0,1.0003475842891902,0.0499062651215354,0.0,9.995833333333334
w/o Scout,6,4,41.16793588059088,0.02195121951219512,33018.973004312174,0.0,2870,2869,0,1.0003485535029628,0.05350512681697081,0.0,9.995
w/o Scout,7,0,43.12131613713969,0.01978891820580475,33019.593975926924,0.0,3032,3030,0,1.0006600660066007,0.050170868795248694,0.0,9.99611111111111
w/o Scout,7,1,43.04384099419056,0.023882633913340157,33020.39646373807,0.0,2931,2930,0,1.0003412969283276,0.04982084541471623,0.0,9.994722222222222
w/o Scout,7,2,43.621391219602245,0.018583787247677026,33019.54748485519,0.0,3121,3121,0,1.0,0.04987484499967348,0.0,9.995277777777778
w/o Scout,7,3,44.44775611563421,0.013316011692107827,33015.06680440412,0.0,3079,3079,0,1.0,0.0498748164083938,0.0,9.996666666666666
w/o Scout,7,4,41.655568727431515,0.02856159669649002,33021.487664852786,0.0,2906,2905,0,1.000344234079174,0.049816525091753446,0.0,9.99638888888889
w/o Scout,8,0,45.10964157363506,0.021283562540929928,33020.20668030871,0.0,3054,3052,0,1.0006553079947575,0.04970762043699829,0.0,9.995555555555555
w/o Scout,8,1,42.784340837316265,0.010941644562334218,33013.42440118579,0.0,3016,3016,0,1.0,0.049672788909649365,0.0,9.995277777777778
w/o Scout,8,2,42.10161939294849,0.025797691785471828,33022.40220249452,0.0,2946,2946,0,1.0,0.049592223029725976,0.0,9.995833333333334
w/o Scout,8,3,43.005274632793046,0.02801582069874753,33025.373504602394,0.0,3034,3032,0,1.0006596306068603,0.04993137648853008,0.0,9.995833333333334
w/o Scout,8,4,44.09455807389752,0.015799868334430547,33016.73915160638,0.0,3038,3037,0,1.000329272308199,0.05077249307780423,0.0,9.994722222222222
w/o Scout,9,0,42.46619489423582,0.014920311970159377,33015.80841117378,0.0,2949,2949,0,1.0,0.05053002499981731,0.0,9.994722222222222
w/o Scout,9,1,42.14710482115164,0.015337423312883436,33017.111696427244,0.0,2934,2934,0,1.0,0.05155547018027089,0.0,9.995555555555555
w/o Scout,9,2,41.8153542832664,0.03142953700574518,33025.99901092872,0.0,2959,2960,0,0.9996621621621622,0.051177972901819475,0.0,9.994722222222222
w/o Scout,9,3,43.54597317535277,0.03396958912973148,33028.38159157153,0.0,3091,3090,0,1.0003236245954692,0.05075883172038529,0.0,9.995
w/o Scout,9,4,43.64144381332538,0.019085225403093122,33017.81897157863,0.0,3039,3038,0,1.000329163923634,0.05048159673202059,0.0,9.99638888888889
w/o Onlooker,0,0,39.343875474941356,0.128881469115192,33096.156499999895,0.000333889816360601,2995,2994,0,1.0003340013360054,0.03166346767264056,0.0,8.0
w/o Onlooker,0,1,40.41293650779276,0.109375,33084.94609053285,0.0003324468085106383,3008,3008,0,1.0,0.031239320643685963,0.0,8.0
w/o Onlooker,0,2,41.148238116578995,0.11393250918810557,33086.6956265183,0.0,2993,2994,0,0.9996659986639946,0.031328026481787674,0.0,8.0
w/o Onlooker,0,3,41.36175121291637,0.12568837058632976,33096.04855328268,0.0006478781988986071,3087,3087,0,1.0,0.03131927735295095,0.0,7.999722222222222
w/o Onlooker,0,4,38.1949394447115,0.12621696801112656,33090.14651319226,0.0,2876,2875,0,1.0003478260869565,0.031182357101998702,0.0,8.0
w/o Onlooker,1,0,41.20676348091394,0.13675213675213677,33098.640413465095,0.0003287310979618672,3042,3042,0,1.0,0.03105955082638603,0.0,8.0
w/o Onlooker,1,1,39.71435753338549,0.12491694352159469,33094.825688733494,0.0003322259136212625,3010,3010,0,1.0,0.030970990371618736,0.0,8.0
w/o Onlooker,1,2,39.90174515485124,0.12063172043010753,33090.32544643321,0.0,2976,2974,0,1.0006724949562877,0.03086045956297312,0.0,8.0
w/o Onlooker,1,3,38.306899458747665,0.12876990850559134,33096.366654828154,0.00033886818027787193,2951,2949,0,1.0006781959986437,0.030995429097351413,0.0,7.999722222222222
w/o Onlooker,1,4,40.54064232719176,0.12244224422442244,33095.710491803686,0.0,3030,3027,0,1.0009910802775024,0.030878129358623278,0.0,8.0
w/o Onlooker,2,0,39.80525323316674,0.10588235294117647,33085.093740417666,0.0003361344537815126,2975,2975,0,1.0,0.03087692281244219,0.0,8.0
w/o Onlooker,2,1,39.10258546333059,0.11088082901554404,33083.277223595716,0.0003454231433506045,2895,2895,0,1.0,0.030846832953910865,0.0,8.0
w/o Onlooker,2,2,39.97869787757968,0.10503786631544287,33086.98302516931,0.00032927230819888045,3037,3036,0,1.0003293807641633,0.030833530364260602,0.0,8.0
w/o Onlooker,2,3,40.65591240318869,0.1174747803449398,33095.893919892034,0.0,3073,3073,0,1.0,0.030824247728257127,0.0,8.0
w/o Onlooker,2,4,39.14586364908358,0.11944260119442601,33093.85013277141,0.0,3014,3014,0,1.0,0.030846308371918797,0.0,8.0
w/o Onlooker,3,0,40.4645565894409,0.1149047931713723,33095.163376965334,0.0,3046,3045,0,1.000328407224959,0.030807581891874887,0.0,7.999722222222222
w/o Onlooker,3,1,40.6356156705757,0.13976705490848584,33099.87306354433,0.0,3005,3005,0,1.0,0.030765639391676005,0.0,8.0
w/o Onlooker,3,2,40.21081908015524,0.12115059221658206,33086.879489391795,0.0,2955,2954,0,1.0003385240352065,0.030763002194968678,0.0,8.0
w/o Onlooker,3,3,40.08121568112694,0.12483176312247644,33090.5534327224,0.0,2972,2972,0,1.0,0.030729002472879883,0.0,8.0
w/o Onlooker,3,4,40.40837054186515,0.11644062189877605,33089.63401512059,0.0,3023,3023,0,1.0,0.03077928116383393,0.0,8.0
w/o Onlooker,4,0,41.89279850755689,0.1243910360506658,33095.74562245199,0.0,3079,3079,0,1.0,0.030776673366846,0.0,8.0
w/o Onlooker,4,1,40.51668648891874,0.1140118968935889,33088.15606719056,0.0,3026,3026,0,1.0,0.030759326133799433,0.0,8.0
w/o Onlooker,4,2,39.63360417920796,0.1183050847457627,33087.66691308942,0.0,2950,2949,0,1.0003390979993219,0.031127094734175544,0.0,8.0
w/o Onlooker,4,3,39.92418169654577,0.1409956565319078,33098.3993510009,0.0,2993,2991,0,1.000668672684721,0.03073039031490528,0.0,8.0
w/o Onlooker,4,4,40.18818339989354,0.10263335584064821,33081.81193098288,0.0,2962,2960,0,1.0006756756756756,0.030755808415253542,0.0,8.0
w/o Onlooker,5,0,41.527263008632744,0.12479845211222186,33094.505426702664,0.0,3101,3101,0,1.0,0.030744639016726676,0.0,8.0
w/o Onlooker,5,1,39.42049289456906,0.11088844355377421,33087.693764314456,0.0,2994,2995,0,0.9996661101836394,0.030718760671637334,0.0,8.0
w/o Onlooker,5,2,39.09559571901265,0.12,33091.826539898975,0.0,2950,2950,0,1.0,0.030732301277263712,0.0,7.999722222222222
w/o Onlooker,5,3,40.3444034446145,0.11799604482531312,33089.22335803293,0.0,3034,3033,0,1.0003297065611605,0.03067576730488024,0.0,8.0
w/o Onlooker,5,4,40.56742958749049,0.12821357943309164,33099.42013834172,0.0,3034,3034,0,1.0,0.031292340174938246,0.0,8.0
w/o Onlooker,6,0,40.39674937598541,0.13289473684210526,33095.94217911205,0.0,3040,3039,0,1.000329055610398,0.03142373511541842,0.0,7.999722222222222
w/o Onlooker,6,1,38.615341711594326,0.12397260273972603,33091.00791866776,0.0,2920,2920,0,1.0,0.03112646269437391,0.0,8.0
w/o Onlooker,6,2,38.529184039810495,0.12426850258175559,33086.6803749488,0.0,2905,2904,0,1.0003443526170799,0.03145954850899418,0.0,8.0
w/o Onlooker,6,3,37.999141363295855,0.12821403752605975,33092.129016561434,0.00034746351633078526,2878,2877,0,1.0003475842891902,0.030808356855737254,0.0,8.0
w/o Onlooker,6,4,38.55105680322194,0.11149825783972125,33083.53727559323,0.0,2870,2869,0,1.0003485535029628,0.03075391232010184,0.0,8.0
w/o Onlooker,7,0,40.986567785599014,0.11081794195250659,33087.77197462225,0.00032981530343007914,3032,3030,0,1.0006600660066007,0.030670182329938848,0.0,7.999722222222222
w/o Onlooker,7,1,39.86023663779983,0.1245308768338451,33091.5308366506,0.0,2931,2930,0,1.0003412969283276,0.03096235077504793,0.0,7.999722222222222
w/o Onlooker,7,2,40.96530088404153,0.1018904197372637,33087.31110137981,0.0,3121,3121,0,1.0,0.030608625634663943,0.0,7.999722222222222
w/o Onlooker,7,3,40.6997601778412,0.13316011692107826,33100.465103689115,0.0006495615459564793,3079,3079,0,1.0,0.030556097691361278,0.0,8.0
w/o Onlooker,7,4,38.70633355109766,0.11011699931176876,33084.699640469065,0.00034411562284927734,2906,2905,0,1.000344234079174,0.030549682869200803,0.0,8.0
w/o Onlooker,8,0,41.827294706164444,0.12115258677144729,33094.42320511323,0.0,3054,3052,0,1.0006553079947575,0.031229668133568745,0.0,8.0
w/o Onlooker,8,1,39.923803982108154,0.10179045092838196,33084.52101534455,0.0,3016,3016,0,1.0,0.0312130916378616,0.0,7.999722222222222
w/o Onlooker,8,2,39.52748187635317,0.12190152801358234,33087.445243815026,0.0,2945,2946,0,0.9996605566870332,0.031213043642411422,0.0,8.0
w/o Onlooker,8,3,39.718156895425295,0.12722478576137114,33099.24359278467,0.0,3034,3032,0,1.0006596306068603,0.03160794068955713,0.0,8.0
w/o Onlooker,8,4,40.89457263862015,0.11787948633519921,33093.84441887889,0.0,3037,3037,0,1.0,0.03141366218591833,0.0,8.0
w/o Onlooker,9,0,39.397791968648114,0.11661016949152542,33086.17165224489,0.0,2950,2949,0,1.0003390979993219,0.031311829652016364,0.0,8.0
w/o Onlooker,9,1,39.12737582183232,0.12065439672801637,33093.871241882676,0.0,2934,2934,0,1.0,0.031137475368773773,0.0,8.0
w/o Onlooker,9,2,39.472490617463755,0.12098681987157824,33091.361031367494,0.0,2959,2960,0,0.9996621621621622,0.030590658729326807,0.0,8.0
w/o Onlooker,9,3,40.84979328192493,0.1171142025234552,33093.22110925525,0.0,3091,3090,0,1.0003236245954692,0.030621090055016488,0.0,8.0
w/o Onlooker,9,4,41.41100215896917,0.11154985192497532,33084.04677130883,0.0,3039,3038,0,1.000329163923634,0.03060298375041586,0.0,8.0
Single Policy,0,0,42.98022237357831,0.020701168614357262,33017.88992941045,0.0,2995,2994,0,1.0003340013360054,0.031216654090611785,0.0,9.997222222222222
Single Policy,0,1,43.233229899845014,0.020611702127659573,33018.095691185525,0.0,3008,3008,0,1.0,0.03127629012710208,0.0002777777777777778,9.99638888888889
Single Policy,0,2,43.86835702731097,0.02137608550434202,33019.994720488896,0.0,2994,2994,0,1.0,0.03128168892484003,0.0,9.994166666666667
Single Policy,0,3,44.39578090621119,0.028173575129533678,33021.01338980693,0.0,3088,3087,0,1.0003239390994494,0.031249625601857487,0.0,9.99611111111111
Single Policy,0,4,41.12830872795373,0.02086230876216968,33018.09377185682,0.0,2876,2875,0,1.0003478260869565,0.03120480450969707,0.0,9.996666666666666
Single Policy,1,0,43.45272522283963,0.030243261012491782,33024.65262108494,0.0,3042,3042,0,1.0,0.030905253693668377,0.0,9.99611111111111
Single Policy,1,1,42.65809104426504,0.02159468438538206,33019.75704226005,0.0,3010,3010,0,1.0,0.030932947011832662,0.0,9.996944444444445
Single Policy,1,2,41.81522374311671,0.025201612903225805,33021.837001282045,0.0,2976,2974,0,1.0006724949562877,0.030941849006921984,0.0,9.99638888888889
Single Policy,1,3,41.6277583555466,0.026092849881396138,33022.0829140164,0.0,2951,2949,0,1.0006781959986437,0.03149675309638648,0.0002777777777777778,9.995833333333334
Single Policy,1,4,43.19319603668822,0.02574257425742574,33020.94901823997,0.0,3030,3027,0,1.0009910802775024,0.03091553599127413,0.0,9.997777777777777
Single Policy,2,0,42.3444350449479,0.017478991596638654,33017.83362173957,0.0,2975,2975,0,1.0,0.03110686104466569,0.0,9.996666666666666
Single Policy,2,1,41.726259887801945,0.018307426597582038,33017.206372265835,0.0,2895,2895,0,1.0,0.03114977847791225,0.0,9.9975
Single Policy,2,2,43.13206451016502,0.02074415541652947,33018.55002285772,0.0,3037,3036,0,1.0003293807641633,0.03154222515392272,0.0,9.99611111111111
Single Policy,2,3,43.776132097058834,0.022779043280182234,33020.71956140138,0.0,3073,3073,0,1.0,0.03145804254098847,0.0,9.996944444444445
Single Policy,2,4,42.09731466744829,0.02289316522893165,33020.76688289603,0.0,3014,3014,0,1.0,0.03147758943669032,0.0,9.995
Single Policy,3,0,43.57862893714795,0.01608667104399212,33017.821007041115,0.0,3046,3045,0,1.000328407224959,0.03143471705779019,0.0,9.995833333333334
Single Policy,3,1,43.56496085086345,0.02529118136439268,33020.62715800449,0.0,3005,3005,0,1.0,0.03139860412112385,0.0,9.995555555555555
Single Policy,3,2,42.8677713076087,0.02707275803722504,33023.01159397683,0.0,2955,2954,0,1.0003385240352065,0.031406245920354396,0.0002777777777777778,9.995555555555555
Single Policy,3,3,43.00111092434419,0.020188425302826378,33017.723360075106,0.0,2972,2972,0,1.0,0.03142016057326045,0.0,9.99638888888889
Single Policy,3,4,43.58361813818238,0.023817399933840556,33020.20738189593,0.0,3023,3023,0,1.0,0.03136592286561305,0.0,9.997777777777777
Single Policy,4,0,44.23520453265927,0.016239038648911984,33016.239586281095,0.0,3079,3079,0,1.0,0.03154157687903433,0.0,9.99611111111111
Single Policy,4,1,43.31175119545173,0.019497686715135493,33018.22437745109,0.0,3026,3026,0,1.0,0.03146630484843626,0.0,9.9975
Single Policy,4,2,42.213802714162966,0.015254237288135594,33017.459189326706,0.0,2950,2949,0,1.0003390979993219,0.03170350273851202,0.0,9.995555555555555
Single Policy,4,3,43.32467350915348,0.017039759438690277,33015.093778873175,0.0,2993,2991,0,1.000668672684721,0.03106045792002179,0.0,9.997777777777777
Single Policy,4,4,42.464225117166855,0.02397029034436192,33021.20102209213,0.0,2962,2960,0,1.0006756756756756,0.031058250952305064,0.0,9.996944444444445
Single Policy,5,0,44.27567791097339,0.02321083172147002,33021.77039199095,0.0,3102,3101,0,1.000322476620445,0.031062288138653252,0.0,9.995277777777778
Single Policy,5,1,42.35968409540483,0.019365609348914858,33019.54374395755,0.0,2995,2995,0,1.0,0.031090164159346994,0.0,9.995
Single Policy,5,2,41.937020369040326,0.020338983050847456,33018.85368605263,0.0,2950,2950,0,1.0,0.031093352273779202,0.0,9.997777777777777
Single Policy,5,3,43.55404290121737,0.01746868820039552,33016.154049528406,0.0,3034,3033,0,1.0003297065611605,0.0318746554322489,0.0,9.996944444444445
Single Policy,5,4,43.50663826500649,0.02109426499670402,33018.32967631127,0.0,3034,3034,0,1.0,0.03163229225578511,0.0,9.995833333333334
Single Policy,6,0,44.01803111564195,0.02006578947368421,33017.15489625878,0.0,3040,3039,0,1.000329055610398,0.031506195535055466,0.0,9.99611111111111
Single Policy,6,1,41.91100575529157,0.017465753424657535,33016.349094933285,0.0,2920,2920,0,1.0,0.0314143871477831,0.0,9.996666666666666
Single Policy,6,2,41.59124393993886,0.017900172117039585,33014.72550262318,0.0,2905,2904,0,1.0003443526170799,0.031462876143955834,0.0,9.996944444444445
Single Policy,6,3,41.16067327349514,0.015983321751216122,33014.077754719794,0.0,2878,2877,0,1.0003475842891902,0.031479882103869594,0.0,9.99638888888889
Single Policy,6,4,41.16793588059088,0.02195121951219512,33018.973004312174,0.0,2870,2869,0,1.0003485535029628,0.03160534780666543,0.0,9.995555555555555
Single Policy,7,0,43.45251457916909,0.017810026385224276,33017.940437919,0.0,3032,3030,0,1.0006600660066007,0.03109415795673461,0.0,9.995833333333334
Single Policy,7,1,43.05847229844936,0.023882633913340157,33020.29924151585,0.0,2931,2930,0,1.0003412969283276,0.031177729167716783,0.0,9.996666666666666
Single Policy,7,2,43.46262632810337,0.02306952899711631,33022.4033360384,0.0,3121,3121,0,1.0,0.03097347559782469,0.0,9.994444444444444
Single Policy,7,3,44.44775611563421,0.013316011692107827,33015.06680440412,0.0,3079,3079,0,1.0,0.03102886509117929,0.0,9.996666666666666
Single Policy,7,4,41.62751984931127,0.018926359256710254,33017.27407773304,0.0,2906,2905,0,1.000344234079174,0.03111719557394584,0.0,9.99638888888889
Single Policy,8,0,44.87259465109281,0.020301244269810084,33019.056666910794,0.0,3054,3052,0,1.0006553079947575,0.031121448212717145,0.0,9.995555555555555
Single Policy,8,1,42.784340837316265,0.010941644562334218,33013.42440118579,0.0,3016,3016,0,1.0,0.031189819210946247,0.0,9.996944444444445
Single Policy,8,2,42.19891057413334,0.019348268839103868,33018.50148103262,0.0,2946,2946,0,1.0,0.031155989692908607,0.0,9.996666666666666
Single Policy,8,3,43.16962008971594,0.024719841793012523,33023.20300875005,0.0,3034,3032,0,1.0006596306068603,0.03128041805595987,0.0,9.99611111111111
Single Policy,8,4,44.12294860042235,0.018104015799868336,33018.08679795375,0.0,3038,3037,0,1.000329272308199,0.03113435345747146,0.0,9.996666666666666
Single Policy,9,0,42.27271502592582,0.018311291963377416,33017.146703894556,0.0,2949,2949,0,1.0,0.031103908777974237,0.0,9.9975
Single Policy,9,1,42.08094121819199,0.017382413087934562,33017.84190021579,0.0,2934,2934,0,1.0,0.03107119392047429,0.0,9.995
Single Policy,9,2,41.8153542832664,0.03142953700574518,33025.99901092872,0.0,2959,2960,0,0.9996621621621622,0.031073951615124107,0.0002777777777777778,9.995555555555555
Single Policy,9,3,44.47801497135966,0.020058233581365253,33019.4572610244,0.0,3091,3090,0,1.0003236245954692,0.03117456667435666,0.0,9.995277777777778
Single Policy,9,4,44.16943435911426,0.021059559065482066,33018.81113510191,0.0,3039,3038,0,1.000329163923634,0.03127145276327307,0.0002777777777777778,9.995833333333334
